code,prefecture,2022-10-03,2022-10-10,2022-10-17,2022-10-24,2022-10-31,2022-11-07,2022-11-14,2022-11-21,2022-11-28,2022-12-05,2022-12-12,2022-12-19,2022-12-26,2023-01-02,2023-01-09,2023-01-16,2023-01-23,2023-01-30,2023-02-06,2023-02-13,2023-02-20,2023-02-27,2023-03-06,2023-03-13,2023-03-20,2023-03-27,2023-04-03,2023-04-10,2023-04-17,2023-04-24,2023-05-01,2023-05-08,2023-05-15,2023-05-22,2023-05-29,2023-06-05,2023-06-12,2023-06-19,2023-06-26,2023-07-03,2023-07-10,2023-07-17,2023-07-24,2023-07-31,2023-08-07,2023-08-14,2023-08-21,2023-08-28,2023-09-04,2023-09-11,2023-09-18,2023-09-25,2023-10-02,2023-10-09,2023-10-16,2023-10-23,2023-10-30,2023-11-06,2023-11-13,2023-11-20,2023-11-27,2023-12-04,2023-12-11,2023-12-18,2023-12-25,2024-01-01,2024-01-08,2024-01-15,2024-01-22,2024-01-29,2024-02-05,2024-02-12,2024-02-19,2024-02-26,2024-03-04,2024-03-11,2024-03-18,2024-03-25,2024-04-01,2024-04-08,2024-04-15,2024-04-22,2024-04-29,2024-05-06,2024-05-13,2024-05-20,2024-05-27,2024-06-03,2024-06-10,2024-06-17,2024-06-24,2024-07-01,2024-07-08,2024-07-15,2024-07-22,2024-07-29,2024-08-05,2024-08-12,2024-08-19,2024-08-26,2024-09-02,2024-09-09
00,Total,6.37,6.67,7.14,8.58,11.58,14,16.79,18.97,19.79,23.32,27.73,29.8,25.18,26.76,21.14,16.51,11.22,8.21,5.67,4.03,2.63,2.13,1.71,1.36,1.24,1.16,1.31,1.4,1.7,1.78,1.8,2.63,3.56,3.63,4.55,5.109999999999999,5.6,6.13,7.24,9.139999999999999,11.04,13.91,15.91,15.81,14.16,17.84,19.07,20.5,20.19,17.54,11.01,8.83,5.2,3.7600000000000002,3.25,2.86,2.44,2.01,1.95,2.3299999999999996,2.75,3.52,4.1499999999999995,4.57,5.79,6.96,8.96,12.229999999999999,14.93,16.150000000000002,13.75,10.1,7.92,6.99,6.53,6.1499999999999995,5.21,5.1,4.26,3.71,3.64,3.22,2.27,2.7600000000000002,3.2800000000000002,3.3499999999999996,3.52,3.9899999999999998,4.159999999999999,4.609999999999999,5.79,8.07,11.18,13.62,14.58,13.29,10.48,8.5,8.8,7.46,6.57,5.28
01,Hokkaido,13.47,17.53,21.48,30.56,35.6,43.01,45.15,41.34,34.59,29.77,27.52,24.22,16.84,17.02,12.94,9.71,7.9,6.01,4.65,3.21,2.85,2.58,2.14,1.81,1.48,1.79,2.45,2.73,3.59,3.75,3.32,4.359999999999999,5.44,5.72,6.71,6.470000000000001,5.71,5.23,6.03,6.73,8.450000000000001,8.92,8.83,10.16,11.2,19.59,19.08,20.25,17.9,14.860000000000001,10.28,10.43,8.19,6.609999999999999,6.79,7.08,6.51,5.87,5.98,6.609999999999999,6.819999999999999,7.819999999999999,9.31,10.69,12.28,10.42,10.53,10.78,13.729999999999999,15.4,14.950000000000001,10.31,8.38,7.26,5.76,4.98,4.5,4.35,3.86,3.9099999999999997,3.84,3.72,3.38,3.8499999999999996,5.3,4.84,5.44,6.67,6.25,4.95,4.87,4.98,4.819999999999999,5.34,5.95,7.03,7.74,9.79,11.4,9.639999999999999,8.26,5.89
02,Aomori,6.65,7.7,8.58,11.1,13.6,14.95,23.2,24.58,24.93,26,28.97,26.25,16.68,18.77,12.12,7.92,5.43,3.68,2.18,2.18,1.43,1.62,1.65,1.27,1.22,1.7,1.33,1.82,1.95,2.7,2.47,3.27,2.75,3.07,3.4299999999999997,3.4699999999999998,3.18,4.22,4.48,4.35,4.05,5.83,8.229999999999999,13.62,16.52,25.93,31.3,27.479999999999997,20.85,16.12,10,7.02,4.6,2.92,2.72,2.38,2.6,2.7800000000000002,2.4699999999999998,1.77,2.57,3.5,4.08,3.7800000000000002,5.75,5.98,5.46,6.37,8.27,10.75,10.78,10.9,9.44,9.15,10.5,9.639999999999999,9.1,7.9,8.209999999999999,7.34,7.07,6.02,5.7,4.22,3.7800000000000002,3.3099999999999996,2.66,3.03,1.93,1.91,1.81,2.42,2.67,3.8899999999999997,5.159999999999999,6.6899999999999995,9,13.719999999999999,17.9,14.53,12.739999999999998,9.41
03,Iwate,9.46,9.37,12.86,16.79,20.29,21.19,27.37,31.86,28.63,31.38,34.68,37.81,23.13,23.67,18.3,14.94,9.89,7.11,6.19,5.17,4.73,3.37,2.16,1.75,1.19,1.11,1.87,2.16,2.46,2.33,2.44,3.11,6.319999999999999,5.970000000000001,6.44,4.87,4.75,5.59,6.2700000000000005,6.73,6.98,10.79,13.26,15.79,16.9,30.419999999999998,31.71,35.24,29.87,21.439999999999998,12.02,9.3,6.52,4.48,3.9499999999999997,3.86,3.14,2.62,2.1,2.7800000000000002,3.38,3.54,3.2600000000000002,3.84,6.2700000000000005,7.72,10.34,10.93,16.82,16.150000000000002,18.07,12.4,11.57,11.07,10.9,11.28,9.51,9.16,8.950000000000001,7.75,7.24,6.159999999999999,3.98,4.51,4.51,3.06,2.7,3.3499999999999996,3.05,3.4899999999999998,4.57,5.6,6.78,9.65,12.51,14.27,12.1,15.06,15.94,15.44,13.43,10.11
04,Miyagi,5.55,7.07,7.43,10.05,16.26,19.03,25.81,28.48,29.48,31.88,29.74,28.08,18.4,17.75,14.74,12.8,10,7.1,5.51,4.57,3.16,2.44,2.24,1.42,1.38,1.03,1.01,1.23,1.42,2.17,1.64,3.18,4.5,5.1,5.31,5.1,4.89,4.67,6.05,7.87,10.12,14.950000000000001,18.41,18.87,15.51,20.64,29.54,32.54,32.47,22.77,11.53,8.41,4.33,3.14,3.56,3.07,2.4899999999999998,1.8900000000000001,1.6500000000000001,1.71,1.78,2.98,3.65,3.68,3.8499999999999996,5.430000000000001,7.91,12.81,18.779999999999998,19.21,19.02,14.51,12.03,13.16,12.1,11.96,9.629999999999999,9.07,8.96,6.7,6.159999999999999,5.04,2.62,2.96,3.3899999999999997,2.48,3.34,2.98,2.75,3.15,3.8099999999999996,4.58,7.98,10.41,12.139999999999999,13.51,11.82,7.46,14.04,11.870000000000001,13.709999999999999,10.8
05,Akita,16.15,18.6,21.4,21.19,30.71,30.04,37.67,39.48,41.38,43.71,39.13,30.71,22.69,23.35,16.25,12.1,8.73,6.12,4.75,3.73,2.12,3.06,2,1.81,1.19,1.94,2.65,2.33,3.23,4.21,4.35,3.06,4.23,4.21,3.65,2.62,2.8099999999999996,3.1,3.3499999999999996,4.87,4.35,6.35,7.06,8.08,11.75,28.479999999999997,26.73,30.610000000000003,23.88,17.630000000000003,9.02,6.52,3.58,3.29,3.44,3.13,3.06,2.25,3.12,2.46,2.25,2.8299999999999996,3.29,3.75,4.71,7.14,6.25,7.78,9.450000000000001,10.84,11.1,9.370000000000001,9.29,10,10.04,10.51,10.12,12.27,10.83,8.81,6.92,6.42,4.87,4.17,4.29,4.1,2.54,3.19,2.48,1.75,2.02,2.13,3.13,6.53,6.73,8.1,9.83,12.84,14.44,12.65,12.129999999999999,8.75
06,Yamagata,10.58,15.42,16.65,18.42,21.79,30.02,28.56,27.7,25.23,26.77,25.88,21.21,13.81,12.3,9.81,8.65,6.6,6.14,5.3,3.81,2.14,3.12,3.86,1.93,1.3,1.58,1.7,2.56,2.12,2,2.33,3.19,4.14,3.2800000000000002,4.95,4.26,4.14,3.72,3.98,5.53,5.37,7.44,10.79,12.42,11.55,16.19,20.53,24.74,19.91,15.58,7.3,6.58,4.02,3,2.44,2.4,2.21,2.12,2.58,2.77,2.9299999999999997,4.14,3.51,3.6,4.859999999999999,4.49,6.79,10.84,15.05,15.84,15.67,12.77,11.16,12.33,11.16,10.51,6.6,7.159999999999999,6.63,6.33,6.81,5.14,2.2600000000000002,2.84,2.65,2.67,2.3,2.56,1.6300000000000001,1.47,2.63,3.12,4.41,6.159999999999999,7.81,9.7,9.9,9.12,12.12,13.51,12.739999999999998,9.93
07,Fukushima,10.48,10.88,10.71,15.89,23.12,29.61,37.71,43.04,40.94,42.96,44.78,37.37,28.66,34.49,24.84,18.8,13.39,10.45,7.89,5.62,5.02,4.43,3.1,3.13,3.4,3.02,2.16,2.2,2.2,2.59,3.52,3.15,4.17,3.57,3.21,3.96,3.7600000000000002,5.1,6.21,6.619999999999999,8.370000000000001,11.96,13.629999999999999,14.2,14.01,25.27,25.87,27.62,24.130000000000003,18.279999999999998,11.2,9.129999999999999,5.13,5.109999999999999,4.930000000000001,4.159999999999999,3.3299999999999996,2.15,2.34,3.15,4.04,4.45,4.44,5.18,7.18,11.29,12.1,18.99,23.939999999999998,24.49,19.18,13.41,10.29,9.91,9.09,8.59,6.21,6.2700000000000005,4.9,4.430000000000001,4.2700000000000005,3.07,2.3,2.3699999999999997,2.77,2.4499999999999997,2.4099999999999997,2.4,1.8900000000000001,1.9,3.2,4.21,6.18,9.41,11.16,12.1,11.26,14.16,13.96,13.54,11.33,9.54
08,Ibaraki,7.23,7.61,7.58,9.5,12.69,19.87,21.91,25.38,29.73,33.94,43.94,41.25,37.96,39.66,31,25.92,16.59,12.08,7.49,4.98,3.12,2.31,1.96,1.49,1.32,1.23,1.57,1.8,1.87,1.78,1.67,2.71,4.46,3.8299999999999996,5.01,4.970000000000001,5.89,6.48,7.52,7.9,10.33,14.19,16.7,17.38,16.27,27.419999999999998,26.8,27.74,25.43,20.73,14.53,10.729999999999999,6.84,4.53,3.94,2.88,2.58,2.12,1.8900000000000001,2.71,3.04,4.6499999999999995,5.41,6.38,8.76,12.27,14.209999999999999,18.330000000000002,21.150000000000002,22.459999999999997,19.7,15.46,11.7,9.88,8.43,7.88,6.84,6.22,4.98,4.03,3.4099999999999997,3.1,2.51,2.71,3.54,3.7,3.88,3.9,4.41,5.28,6.79,8.91,10.83,13.3,14.8,14.28,13.34,14.27,13.48,10.54,9.370000000000001,7.5
09,Tochigi,6.53,6.49,6.78,8.68,13.03,15.3,20.84,24.39,28.3,30.66,36.61,32.11,26.25,24.24,21.88,19.66,13.68,10.88,6.87,5.46,3.22,3.39,2.68,1.91,1.34,1.64,1.79,1.53,1.57,1.53,1.57,2.64,3.07,3.2600000000000002,3.55,3.5,3.42,3.96,5.430000000000001,6.03,6.68,9.79,12.33,12.67,11.12,16.99,23.39,24.630000000000003,25.51,20.86,11.629999999999999,8.96,5.67,3.4699999999999998,3.7800000000000002,3.08,2.86,2.46,2.3299999999999996,2.3,2.84,3.92,4.64,5.109999999999999,5.45,6.319999999999999,10.39,16.64,21.01,20.49,17.610000000000003,13.92,10.39,8.68,7.319999999999999,7.38,5.37,5.01,5.109999999999999,4.74,3.7800000000000002,3.61,1.71,2.51,3.71,3.3899999999999997,3.59,3.29,3.19,3.63,4.470000000000001,5.159999999999999,8.18,10.39,11.26,10.61,12.49,8.239999999999998,11.16,10.239999999999998,9.27,7.970000000000001
10,Gunma,6.56,7.33,8.13,9.92,13.39,16.16,21.16,23.32,25.46,26.3,31.49,31.31,25.78,23.3,20.33,18.32,11.64,8.43,5.72,3.4,2.08,2.07,2.14,1.7,1.05,1.18,1.22,1.06,1.6,1.57,1.29,2.4099999999999997,2.8699999999999997,2.23,3.07,3.68,3.77,3.8499999999999996,4.45,5.23,7.18,8.66,9.94,9.950000000000001,10.11,13.84,19.02,21.17,19.62,16.97,9.4,7.619999999999999,5.07,4.13,4.37,4.03,2.9699999999999998,2.3299999999999996,2.22,2.3,3.09,3.7800000000000002,4.37,4.33,5.52,6.18,8.719999999999999,14.88,20.66,21.74,19.89,11.76,8.8,8.51,7.18,6.89,5.02,6.02,4.6,3.4899999999999998,3.55,3.12,1.85,2.2600000000000002,2.8499999999999996,2.3499999999999996,2.9499999999999997,3.06,3.05,2.98,3.42,4.72,7.75,10.209999999999999,10.92,11.350000000000001,10.39,8.629999999999999,10.18,7.88,6.96,5.98
11,Saitama,5.49,4.93,5.57,7.11,9.63,11.97,15.67,17.64,20.88,24.48,27.87,30.07,21.43,20.59,16.3,14.14,9.59,6.57,4.51,2.78,2.03,1.66,1.26,1.21,0.95,0.96,1.11,1.29,1.48,1.7,1.54,3.02,4.42,4.29,5.7700000000000005,6.51,7.02,7.18,7.25,8.870000000000001,9.54,11.98,13.38,14.7,16.36,19.77,22.74,25.73,26.95,24.979999999999997,12.62,9.76,5.29,3.8499999999999996,3.3499999999999996,2.79,2.3099999999999996,1.6400000000000001,1.6700000000000002,2.3099999999999996,2.92,3.8299999999999996,4.2,4.609999999999999,5.92,6.470000000000001,9.26,14.5,19.16,18.29,14.870000000000001,10.729999999999999,8.34,6.85,6.67,6.26,5.8,5,4.13,3.6,3.6,3.11,2.18,2.82,3.46,3.7800000000000002,4.29,4.91,5.07,5.68,6.8,8.6,9.97,12.44,12.52,11.11,9.32,8.26,8.42,7.42,7.859999999999999,6.92
12,Chiba,4.65,4.54,4.74,5.33,7.25,9.54,13.8,17.09,20.43,23.98,29.38,30.17,21.55,21.97,19.16,17.51,11.74,7.53,4.83,3.25,1.62,1.56,1.29,1.17,0.98,1.03,1.32,1.29,1.74,1.4,1.41,3.08,3.9899999999999998,5.21,6.659999999999999,6.46,7.57,7.7700000000000005,9.89,11,13.18,15.360000000000001,18.36,17.919999999999998,17.630000000000003,22.38,25.68,28.68,27.45,23.99,14.43,10.61,6.24,3.75,3.11,2.3499999999999996,2.05,1.6,1.76,2.04,2.3,2.9699999999999998,4.2,4.73,5.48,7.49,11.41,16.03,20.88,21.74,16.51,12.47,8.81,7.72,7.59,7,5.57,5.94,4.74,4.07,3.9899999999999998,3.61,2.77,3.2,4.01,4.470000000000001,4.81,5.56,6.26,7.25,9.17,10.91,12.77,14.870000000000001,15.82,13.65,11.84,7.84,10.05,8.92,8.75,7.75
13,Tokyo,3.94,3.93,4.13,4.69,6.93,8.7,10.67,11.65,13.75,15.82,18.32,19.78,13.13,10.46,9.67,8.22,5.77,3.68,2.24,1.61,0.91,0.83,0.76,0.59,0.61,0.81,1.1,1.13,1.43,1.49,1.41,2.4,3.53,3.96,5.29,5.99,5.85,6.22,6.85,7.58,8.25,9.350000000000001,11.12,11.53,10.370000000000001,10.96,14.53,17.01,16.36,16.04,8.89,7.08,3.62,2.3299999999999996,2.11,1.84,1.46,1.2,1.1700000000000002,1.56,1.8900000000000001,2.3099999999999996,2.58,3.13,3.3899999999999997,3.38,5.659999999999999,8.33,11.27,11.38,9.370000000000001,6.9,5.3,4.659999999999999,4.25,3.7,3.06,3.48,2.74,2.42,2.77,2.3899999999999997,1.48,2.2800000000000002,2.7800000000000002,2.9699999999999998,3.3699999999999997,4.07,4.48,4.7,5.57,7.14,7.56,8.5,9.129999999999999,7.26,5.49,3.63,4.79,4.78,4.8,4.41
14,Kanagawa,3.68,3.18,3.63,4.43,6.87,8.79,10.89,11.88,13.49,15.49,18.08,18.72,13.46,11.61,10.68,8.52,6.33,4.48,2.68,1.89,0.99,0.92,0.63,0.56,0.58,0.66,0.82,0.81,0.95,1,0.99,2.3299999999999996,3.3,3.4299999999999997,4.38,5.03,5.91,6.07,6.3,7.38,8.139999999999999,9.5,12.04,11.7,11.55,15.06,18.1,20.330000000000002,21.43,19.259999999999998,9.850000000000001,8.3,4.26,2.9499999999999997,2.19,1.6700000000000002,1.41,1.1600000000000001,1.24,1.36,1.6,2.01,2.5,2.88,3.11,3.34,6.05,9.57,13.56,14.61,11.01,7.41,6.1,5.33,4.930000000000001,4.45,3.4299999999999997,3.69,3.22,3.06,3.23,2.92,1.77,2.4,3.3099999999999996,3.22,3.71,4.18,4.52,5.04,6.3,7.94,9.129999999999999,10.209999999999999,10.66,9.25,7.619999999999999,5.1499999999999995,5.85,5.73,6.24,5.3
15,Niigata,10.7,10.3,9.81,12.87,22.35,25.51,32.26,36.24,36.1,43.42,42.01,35.44,25.96,22.44,18.73,15.63,11.85,10.75,7.55,6.21,4.54,3.99,3.54,3.56,2.82,2.88,2.37,2.8,3.55,3.5,3.67,4.3,6.109999999999999,4.2700000000000005,4.8,5.49,4.819999999999999,4.14,4.98,6.88,7.88,12.98,18.51,18.71,15.7,21.07,21.84,22.650000000000002,23.53,20.08,9.450000000000001,8.860000000000001,4.76,3.38,3.7,2.69,2.09,2.3,2.16,3.09,4.33,4.6899999999999995,5.4,5.79,6.159999999999999,5.619999999999999,6.6499999999999995,10.08,14.84,18.919999999999998,18.479999999999997,12.639999999999999,11.27,12.93,11.94,11.360000000000001,7.81,7.22,5.55,5.3,5.53,4.75,2.36,3.55,4.37,3.69,3.7,3.51,3.71,3.15,3.1,4.75,5.970000000000001,9.6,11.2,13.639999999999999,11.69,8.91,12.77,12.03,11.55,8.209999999999999
16,Toyama,10.15,13.85,13.79,16.19,20.31,20.58,30.12,32.67,36.44,42.83,43.17,40.15,26.58,24.69,20.85,19.67,16.58,12.67,9.56,7.06,4.71,3.21,2.15,1.35,2.27,1.6,1.6,2.06,4.04,4.29,3.21,4.17,4.13,2.79,3.3499999999999996,4.21,4.9,4.02,3.71,4.58,6.04,7.83,11.629999999999999,11.9,11.41,13.38,16.52,17.27,22.130000000000003,21,11.67,9.83,5.67,4.38,4,3.46,2.69,2.08,2.71,2.65,2.98,3.92,5.42,5.63,6.54,6.56,7.9,11.850000000000001,16.71,16.1,14.44,9.58,7.21,7.1499999999999995,6.85,6,5.08,5.35,5.09,3.96,3.8499999999999996,3.2800000000000002,2.06,2.8699999999999997,3.19,3.29,3.08,3.3699999999999997,2.55,3.2,3.02,5.31,8.02,9.850000000000001,11.77,11.94,10.209999999999999,8.860000000000001,10.11,8.850000000000001,7.46,5.33
17,Ishikawa,9.52,12.17,11.12,13.25,18.9,23.12,30.79,31.08,30.77,34.52,36.44,33.46,25.06,35.44,27.23,18.65,12.65,12.48,8.35,6.46,4.79,2.94,2.29,1.58,1.4,1.65,2.25,2.38,2.94,3.15,3.19,4.9,6.38,5.58,6.98,6.58,6.29,5.85,6.94,9.229999999999999,13.08,19.08,24.130000000000003,24.1,21.06,26.69,25.479999999999997,25.54,25.650000000000002,17.810000000000002,11.81,9.709999999999999,7.42,5.58,4.38,4.38,3.23,2.3099999999999996,2.42,2.98,3.17,3.67,4.52,4.73,5.42,8.44,10.48,14.33,20.91,24.52,21.91,15.48,11.08,10.31,8.67,7.5,5.1899999999999995,5.73,3.3299999999999996,3.38,3.17,3.02,2.21,2.67,3.02,2.65,2.96,3.5,3.6,3.15,3.79,4.75,7.75,11.65,15.77,16.419999999999998,14.15,10.46,11.42,8.98,8.629999999999999,6.21
18,Fukui,3.15,3.51,4.1,4.72,7.08,10.49,12.82,15.77,14.36,18.38,16.82,22.46,19.82,14.54,13.87,10.38,7.59,5.36,3.64,2.9,2.79,0.64,0.74,0.85,0.77,1.05,1.56,1,1.46,1.44,0.59,1.87,2.4899999999999998,3.05,3.1,3.9499999999999997,3.8499999999999996,3.72,4.23,5.1499999999999995,6.9,10.79,10.08,10.38,10.44,12.51,13.719999999999999,12.67,16.23,14.18,8.229999999999999,5.44,3.59,2.9699999999999998,2.3099999999999996,2.1,1.26,1.33,1.59,1.54,1.74,2.05,3.69,2.9,4.33,3.2600000000000002,4.31,7.6899999999999995,11.360000000000001,12.9,14.129999999999999,9.97,6.67,6.44,6.23,5.1,4.38,3.8699999999999997,3.13,2.92,2.92,2.1,1.05,1.31,1.59,1.33,1.3800000000000001,1.72,1.82,2.3299999999999996,2.44,3.51,6.28,10.44,11.97,11.719999999999999,10.56,7.64,7.18,6.1,6.26,4.1499999999999995
19,Yamanashi,5.59,6.78,7.17,9.9,13.07,21.93,25.22,27.34,26.17,30.2,33.39,34.37,28.63,31.46,27.05,23.56,15.54,9.95,7,6.22,3.8,3.2,2.61,1.85,2.32,1.61,3.88,3.49,3.68,2.85,2.34,4.22,5.68,5.78,6.1,5.68,6.44,6.609999999999999,8.05,8.709999999999999,10.54,14.1,14.219999999999999,12.41,12.15,19.59,23.85,24.02,20.24,19.34,10.17,9.12,6.56,5.05,4.63,4.56,4.78,3.3899999999999997,2.7600000000000002,3.9499999999999997,6.39,7.76,9.629999999999999,9.729999999999999,9.1,8.07,12.850000000000001,14.78,17.979999999999997,18.12,16,12.83,9.2,8.54,8.88,7.85,6.83,5.76,4.8,4.2700000000000005,4.24,4.24,1.93,2.98,4.07,4.02,3.54,3.22,2.8299999999999996,3.17,4.1499999999999995,5.95,8.49,14.17,13.49,15.41,9.91,6.2700000000000005,12.59,10.17,10.29,6.95
20,Nagano,15.19,16.77,18.01,22.41,32.64,40.66,44.97,48.52,39.74,39.25,41.72,40.41,33.35,33.3,29.98,26.47,17.82,13.49,9.43,9.01,6.67,5.25,4.43,3.22,3.31,3,3.23,3.02,4.27,3.6,4.25,3.65,4.4,4.1899999999999995,4.98,4.64,4.13,4.75,5.91,7.57,8.19,9.66,12.2,12.98,13.29,19.67,21.22,24.1,21.74,18.99,10.39,9.239999999999998,6.17,5.38,5.17,6.39,5.84,5,4.970000000000001,5.819999999999999,5.78,6.64,8.49,8.55,10.65,12.61,14.05,15.82,21.01,22.130000000000003,17.47,14.139999999999999,10.08,8.61,7.2,7.470000000000001,5.859999999999999,5.23,5.08,5.25,4.5,4.13,2.7800000000000002,3.62,3.8299999999999996,4.59,3.9699999999999998,4.109999999999999,4.41,4,4.319999999999999,6.49,9.89,12.38,12.59,13.81,12.370000000000001,11.69,12.56,10.77,8.65,5.85
21,Gifu,6.44,7.74,8.15,9.72,15.48,18.77,22.31,25.33,28.29,30.18,34.29,37.8,38.68,45.23,29.44,21.39,13.92,9.9,8.93,5.99,4.64,3.48,2.54,1.95,1.86,1.54,2.07,2.2,2.67,3.75,4.23,3.46,4.74,3.8,5.3,5.49,5.84,7.45,8.46,10.950000000000001,13.870000000000001,20.72,17.9,17.9,19.610000000000003,31.03,22.79,22.330000000000002,24.24,19.03,15.239999999999998,10.26,6.52,6.13,4.05,3.66,4.28,3.01,2.77,3.02,3.3699999999999997,5,5.970000000000001,5.76,9.15,15.229999999999999,14.29,16.150000000000002,16.3,17.68,17,15.16,10.89,8.3,8.39,8.51,7.659999999999999,7.8,5.87,4.74,3.71,3.46,2.68,3.3699999999999997,3.09,2.92,2.92,3.25,3.18,4.38,4.319999999999999,7.55,11.55,17.45,18.47,18.1,14.78,17.459999999999997,11.239999999999998,9.44,8.129999999999999,6.619999999999999
22,Shizuoka,6.94,7.65,6.91,7.14,11.58,13.53,14.37,18.12,18.19,22.88,29.84,34.93,31.65,42.6,38.74,28.86,19.69,14.27,9.88,6.55,4.26,3.32,2.07,1.59,1.36,1.11,1.17,1.17,1.67,1.2,1.26,2.09,2.38,2.8,3.6,3.77,5.56,5.81,6.58,8.12,10.77,14.19,16.919999999999998,17.419999999999998,15.81,20.51,25.27,26.650000000000002,23.830000000000002,18.99,12.239999999999998,9.65,5.29,4.24,3.44,2.73,2.14,1.6,1.6,2.06,2.79,3.64,4.05,4.29,5.45,7.78,11.350000000000001,15.31,19.14,21.49,17.66,12.729999999999999,10.09,7.42,6.37,6.88,5.09,4.7,4.45,3.52,2.8099999999999996,2.92,1.99,2.38,3.29,3.4099999999999997,3.62,4.04,3.96,4.54,5.25,7.14,9.81,13.96,15.6,14.39,10.55,10.25,10.49,9.27,8.19,6.64
23,Aichi,6.93,6.31,6.71,8.79,13.52,16.26,21.43,26.19,26.34,30.3,36.67,42.33,35.91,42.23,32.19,25.67,16.58,11.05,7.73,5.51,3.25,2.59,2.13,1.92,1.58,1.34,1.62,1.64,1.76,1.69,1.73,3.42,4.51,4.76,5.35,6.28,7.22,8.03,9.16,11.46,14.729999999999999,19.68,20.82,19.87,20.7,25.69,23.86,24.7,23.84,22.74,16.610000000000003,12.4,7.109999999999999,5.119999999999999,4.08,3.77,3.51,2.79,2.3699999999999997,2.77,3.4499999999999997,4.8,6.09,7.06,9.19,12.4,14.17,17.330000000000002,21.24,22.55,20.06,14.03,10.79,8.709999999999999,7.6899999999999995,7.52,6.72,6.39,5.52,4.34,4.09,3.25,2.53,2.8499999999999996,3.15,3.1,3.57,4.72,4.78,5.07,6.73,9.729999999999999,15.62,20.82,23.25,20.1,13.56,13.15,10.99,8.28,6.930000000000001,5.63
24,Mie,8.31,7.75,7.39,9.28,12.38,14.28,19.81,21.74,23.49,30.36,40.03,47.94,43.11,42.29,36.62,30.75,20.54,14.08,10,7.82,4,2.85,1.99,1.6,1.62,1.08,1.12,1.31,1.36,1.72,1.71,2.17,2.4299999999999997,2.72,4.51,5.6499999999999995,6.24,6.319999999999999,7.25,11.81,15.53,16.830000000000002,18.439999999999998,17.56,16.73,18.06,20.27,20.77,18.55,17.3,10.32,7.85,4.96,3.08,2.3099999999999996,1.6800000000000002,1.6300000000000001,1.1800000000000002,1.1400000000000001,1.35,2.4099999999999997,3.8499999999999996,4.3,4.92,5.79,6.81,9.92,15.76,16.6,18.74,16.04,10.46,8.350000000000001,6.99,7.14,6.04,4.96,5.64,4.35,3.3499999999999996,2.72,2.04,1.25,1.43,2.07,1.8800000000000001,1.8800000000000001,2.07,2.7800000000000002,2.65,3.75,5.619999999999999,9.04,13.49,15.54,14.850000000000001,11.46,8.66,8.79,7.13,6.18,4.819999999999999
25,Shiga,5.43,7.22,6.45,6.5,7.58,10.52,12.82,19.58,19.47,22.37,25.68,31.33,19.9,28.82,22.67,19.02,12,14.78,6.85,4.62,3.25,1.92,1.48,0.88,1.03,1,1.38,0.98,1.08,1.13,1.27,1.82,2.07,1.77,2.4699999999999998,3.12,3.7800000000000002,4.3,5.49,9.05,11.83,15.28,14.9,15.229999999999999,14,18,15.97,15.33,16.03,13.69,9.83,7.45,4.17,3.7800000000000002,2.8499999999999996,2.1,2.1,2.22,1.57,2.3699999999999997,2.3499999999999996,3.08,4.1499999999999995,3.58,5.08,7,7.6,9.1,10.32,11.33,11.12,8.38,7.08,6.13,7.119999999999999,5.78,6.05,5.28,5.28,3.53,3.3499999999999996,2.67,1.54,1.77,1.83,1.92,1.93,2.13,2.4699999999999998,2.5,3.02,5.67,8.8,11.32,13.05,13.03,11.34,10.29,8.15,6.25,4.619999999999999,3.92
26,Kyoto,5.41,5.18,5.03,5.94,8.48,10.25,12.52,16.25,16.73,21.76,26.94,27.63,24.33,28,22.04,18.05,10.5,8.57,5.48,3.64,2.74,1.76,1.25,1.4,1.79,1.09,1.37,1.75,2.05,2.06,1.76,2.03,2.96,2.6,3.51,4.13,4.67,4.92,6.02,8.32,10.69,14.06,16.54,16.07,14.44,15.1,14.04,16.53,17.49,17.24,10.62,8.66,5.319999999999999,3.94,3.22,2.25,1.94,1.73,1.61,2.05,2.58,3.01,3.61,3.61,5.51,5.930000000000001,7.930000000000001,9.7,10.91,12.31,10.56,7.02,6.619999999999999,6.17,6.02,5.7700000000000005,5.39,5.41,4.5,4.3,4.109999999999999,3.2800000000000002,2.01,2.48,2.7600000000000002,2.6,2.42,2.67,3.18,3.27,3.7,6.13,9.48,13.56,15.18,13.639999999999999,11.82,8.34,7.17,6.33,4.05,3.68
27,Osaka,6.48,6.22,6.56,6.63,8.08,8.79,10.35,12.14,12.79,16.59,20.98,24.73,22.59,28.82,20.24,15.72,10.71,7.6,5.34,3.67,2.03,1.83,1.29,0.97,0.91,0.91,0.94,1.53,1.69,1.92,1.96,1.85,2.3699999999999997,2.75,3.3299999999999996,4.33,4.55,5.159999999999999,5.930000000000001,7.87,10.219999999999999,13.56,14.66,13.69,10.229999999999999,11.88,12.4,14.350000000000001,14.62,12.99,8.78,7.02,3.8499999999999996,2.77,2.53,1.82,1.54,1.36,1.41,1.61,1.82,2.27,2.4899999999999998,2.92,3.38,4.72,6.18,7.96,8.88,9.360000000000001,7.819999999999999,6.38,5.02,4.79,4.34,3.8499999999999996,3.59,3.6,3.2600000000000002,2.96,3.2,2.65,1.6500000000000001,2.08,2.32,2.2800000000000002,2.19,2.38,3.1,3.29,4.33,6.4,9.65,12.719999999999999,14.66,12.82,7.609999999999999,4.58,5.29,4.470000000000001,4.02,2.9099999999999997
28,Hyogo,2.32,2.01,2.88,2.89,3.77,4.22,4.51,5.8,7.34,10.52,13.26,14.19,11.87,11.98,11.44,10.09,7.28,5.78,3.23,2.45,1.6,1.35,0.9,0.52,0.49,0.45,0.47,0.43,0.76,0.88,0.65,1.6800000000000002,2.62,2.36,2.8899999999999997,3.2800000000000002,3.7600000000000002,4.819999999999999,5.78,8.360000000000001,10.739999999999998,12.57,14.05,13.97,11.719999999999999,12.7,13.09,14.19,15.27,14.03,9.77,8.33,5.31,3.7600000000000002,3.3099999999999996,2.4,1.96,1.73,1.61,2.01,2.18,3.03,3.4899999999999998,3.71,4.38,4.87,6.58,9.2,10.56,10.860000000000001,9.139999999999999,6.04,5.17,4.74,4.430000000000001,4.6,4.25,4.1899999999999995,3.59,3.3699999999999997,3.02,3.4099999999999997,1.83,2.55,2.61,2.73,2.21,2.8,2.68,3.02,4.04,6.35,10.729999999999999,13.05,15.360000000000001,13.860000000000001,10.950000000000001,6.470000000000001,7.04,5.35,4.2,3.11
29,Nara,3.84,3.96,3.67,3.75,4.55,4.38,5.09,7.16,7.69,9.18,13,15.24,12.87,18.02,11.2,9.58,6.71,4.78,3.13,1.93,1.27,0.76,0.76,0.49,0.45,0.45,0.69,0.36,1.29,1.13,0.76,2.55,3.3299999999999996,3.29,4.51,4.64,5.4,5.58,7.89,10.53,10.89,14.709999999999999,16.89,17.310000000000002,14,20.310000000000002,19.27,19.38,18.91,17.51,11.09,9.4,5.38,4.6499999999999995,2.7600000000000002,2.55,1.73,1.76,1.91,1.93,3.58,4.09,3.96,4.2,4.07,5.359999999999999,8.219999999999999,10.6,11.51,13.91,14.25,10.65,7.8,9.3,6.63,5.98,5.31,4.6899999999999995,5.24,4.6,4.619999999999999,3.19,1.85,2.67,3.3499999999999996,3.4899999999999998,3.36,3.51,3.4899999999999998,4.02,4.13,7.95,13.239999999999998,16.67,20.73,18.95,12.66,6.2,7.6499999999999995,6.96,5.619999999999999,4.6499999999999995
30,Wakayama,3,4.16,4.58,3.64,5.05,5.2,5.78,6.5,6.44,9.64,12.31,14.19,15.08,15.2,15.44,10.36,6.72,4.83,6.59,3.31,1.48,1.22,0.67,0.62,0.62,0.56,0.56,0.47,0.28,0.53,0.86,1.35,1.78,2.67,2.7800000000000002,3.73,4.45,5.18,7.33,10.2,14.43,17.39,17.43,16.53,16.77,17.8,14.67,16.959999999999997,14.96,13.1,9.53,8.47,4.84,3.55,4.24,2.4299999999999997,2.29,1.49,1.51,1.8800000000000001,2.7800000000000002,2.96,4.430000000000001,3.51,4.55,6.02,8.1,12.33,13.47,16.310000000000002,12.78,8.239999999999998,7.04,5.159999999999999,5.37,5.73,5.49,5.64,4.51,3.7800000000000002,3.53,3.08,2.67,2.16,2.1,2.1,1.94,2.57,2.44,3.06,3.4499999999999997,5.819999999999999,10.219999999999999,15.65,16.14,14.729999999999999,11.239999999999998,6.71,7.2,6.24,4.58,2.8299999999999996
31,Tottori,5.1,6.72,6.41,8.28,10.59,10.86,14.38,18.97,20.28,25.52,33.03,36.69,31.83,32.14,26.07,17.07,10.41,6.48,5.41,5.03,3.31,3.72,2.59,1.86,1.97,1.52,1.21,1.62,0.9,1.9,1.97,2.69,3.24,2.86,4.24,4.28,4.619999999999999,4.76,6.38,11.97,12.69,19.97,25.52,21.97,20.759999999999998,22.62,21.310000000000002,18.830000000000002,17.24,15.48,9.31,6.55,4.83,4.1,2.86,3.4099999999999997,2.69,1.9,1.6600000000000001,2.07,2.79,3.4499999999999997,4.03,3.79,7,8.97,8.239999999999998,12.28,11.1,11.93,14.34,10.69,9.41,7.6899999999999995,8.03,7.34,6.59,5.1,4.41,4.03,4.59,3.1,3,2.79,2.9,3.72,2.38,2.69,2.52,2.7600000000000002,2.9,5.79,7.970000000000001,15.17,14.31,15.31,12.38,14.719999999999999,10.31,7.17,7.48,6.1
32,Shimane,10,9.56,8.38,8.13,11.26,16.05,18.64,20.54,22.51,27.13,37.67,35.74,36.31,35.33,22.72,16.1,14.18,8.44,6.33,5.64,5.49,3.62,2.77,2.21,2.9,1.56,0.87,0.85,0.87,0.59,1.56,1.61,1.55,1.47,2.29,2.7600000000000002,2.9499999999999997,3.42,4.08,6.79,8.739999999999998,10.68,14.92,15.709999999999999,15.29,19.08,15.26,15.55,18.919999999999998,13.68,9.629999999999999,5.26,4.42,2.74,1.87,1.55,1.6300000000000001,1.5,1.03,1.53,1.53,2.7600000000000002,2.61,2.84,3.8699999999999997,5.74,6.13,9.129999999999999,8.53,11.58,10.05,8.16,7.42,5.92,6.159999999999999,6.08,4.609999999999999,3.4499999999999997,3.9499999999999997,3.18,3.4099999999999997,3.03,2.61,3.24,2.8899999999999997,3.05,2.66,2.34,2.5,2.82,3.3899999999999997,4.76,6.63,10.08,14.11,15.84,13.84,14.11,10.26,8.42,7.619999999999999,4.6499999999999995
33,Okayama,9.64,11.13,9.3,9.39,12.06,14.83,17.46,23.99,22.8,30.49,38.6,40.42,36.16,43.08,32.14,24.2,16.23,11.96,8.25,5.51,3.18,2.33,1.64,1.3,1.55,0.98,1.02,0.93,0.95,0.99,1.54,1.5,2.1,2.69,2.67,3.01,3.4499999999999997,3.68,5.119999999999999,7.359999999999999,9.29,12.639999999999999,15.43,14.27,13.739999999999998,15.870000000000001,14.3,15.3,17.45,16.14,11.58,8.11,4.89,3.2600000000000002,3.04,2.4899999999999998,2.4,1.62,1.55,1.94,2.17,3.01,3.9499999999999997,3.82,5.44,7.42,8.67,11.370000000000001,11.96,13.450000000000001,11.9,10.26,8.52,8.18,7.49,6.79,5.95,6.51,4.85,3.68,4.33,3.08,2.4299999999999997,2.3,3.12,2.94,2.73,3.14,3.25,3.15,3.7,5.619999999999999,9.31,11.739999999999998,14.98,13.129999999999999,10.82,8.69,8.88,7.1899999999999995,5.24,4.609999999999999
34,Hiroshima,6.16,5.74,6.74,8.09,10.44,14.18,15.88,17.34,17.49,23.93,25.72,29.36,24.96,25.09,19.46,15.01,10.62,7.31,5.17,3.9,2.97,1.79,1.7,1.52,1.9,1.38,1.23,1.59,1.75,1.99,1.91,2.3099999999999996,2.2600000000000002,2.38,3.07,3.92,4.359999999999999,4.71,6.88,9.46,11.12,13.82,15.92,14.77,11.94,14.29,14.58,14.62,15.02,13.66,9.58,7.79,4.73,3.64,2.71,2.84,2.52,1.6700000000000002,1.72,2.65,2.71,2.77,3.15,3.19,5.94,6.04,8.209999999999999,11.42,14.139999999999999,17.36,15.77,9.43,7.51,5.51,5.25,4.76,3.63,3.69,2.62,2.34,2.34,2.61,1.85,2.34,2.15,2.59,2.09,2.68,2.53,3.75,3.58,6.1,8.56,11.38,14.370000000000001,14.66,12.129999999999999,9.43,7.37,6.72,4.49,3.4699999999999998
35,Yamaguchi,5.85,6.25,7.18,8.13,10.93,10.15,9.94,10.82,13.66,18.3,26.91,32.48,32.6,32.78,26.18,20.91,13.49,10.96,8.69,5.64,3.51,2.43,2.1,1.93,1.03,1.04,0.84,0.69,1.19,0.93,0.66,1.52,2.21,2.4299999999999997,3.2800000000000002,4.4,3.9299999999999997,4.55,5.88,8.75,11.12,14.99,18.759999999999998,21.18,15.05,13.76,17.919999999999998,18.97,17.05,16.24,10.51,9.12,5.13,3.46,3.16,3.57,2.7800000000000002,1.85,2.16,2.6,2.84,3.79,5.159999999999999,5.55,7.37,5.659999999999999,8.61,13.76,16.39,15.81,12.81,9.219999999999999,6.88,6.03,4.96,4.970000000000001,4.07,3.82,2.58,2.52,3.3299999999999996,2.3,1.43,2.01,2.01,2.58,2.61,2.9099999999999997,3.51,3.7,5.33,6.84,13.01,15.629999999999999,17.87,16.3,13.870000000000001,4.57,7.96,6.79,4.33,3.4499999999999997
36,Tokushima,4.57,4.11,2.27,3.59,5.08,6.89,7.86,7.57,9.73,14.49,18.46,24.51,21.59,22.54,18.81,20.3,13.03,11.38,9.08,5.24,3.57,2.76,2.16,1.46,1.27,0.76,0.78,1.11,0.68,0.7,0.7,1.6500000000000001,1.62,3.03,3.22,4.430000000000001,3.7600000000000002,4.57,5.46,7.92,10.89,16.51,18.3,16.84,14.76,19.73,22.35,21.810000000000002,19.779999999999998,17.05,9,8.27,4.619999999999999,2.8899999999999997,2.4899999999999998,3.32,2.3499999999999996,2.03,1.73,1.7,1.78,2.59,3.11,5.859999999999999,6.49,9.350000000000001,11.81,15.219999999999999,16.32,15.219999999999999,14.57,10.860000000000001,8.65,6.51,6.59,5,4.430000000000001,5.35,4.76,3.11,3.11,1.81,1.3,1.84,2.4299999999999997,3,3.51,3.8099999999999996,4.2700000000000005,4.46,5.6499999999999995,9.139999999999999,14.97,16.810000000000002,20,17.14,12.450000000000001,8.59,11.16,8.7,7.7,6.84
37,Kagawa,5.96,6.04,10.43,12.06,14.55,15.47,16.74,18.85,16.94,22.13,27,37.43,33.87,37.13,32,27.02,17.83,14.34,9.68,6.34,3.81,2.57,1.72,1.64,1.64,1.7,2.04,1.62,1.81,1.64,1.96,3.06,3.17,1.6,2.8099999999999996,3.7,3.4699999999999998,4.470000000000001,6.81,9.870000000000001,14.66,14.4,17.6,16.7,17.85,19.830000000000002,16.130000000000003,15.09,13.09,13.09,7.83,7.1899999999999995,4.79,4.85,3.8499999999999996,2.8099999999999996,2.62,2.06,2.34,2.36,2.74,3.77,5.51,4.85,6.98,8.11,8.51,13.639999999999999,16.62,17.64,13.47,10.81,7.1499999999999995,6.85,6.06,5.21,4.23,4.3,3.66,2.51,2.8499999999999996,2.4499999999999997,1.21,1.62,1.32,1.77,1.87,1.85,2.38,2.74,4,6.26,11.739999999999998,16.34,16.959999999999997,16.32,12.850000000000001,11.94,8.639999999999999,6.87,4.72,4.1899999999999995
38,Ehime,6.57,6.23,7.51,10.1,12.57,11.93,12.8,13.07,15.95,24.2,34.59,37.69,39.18,39.62,29.72,22.15,14.08,12.36,8.16,6.51,4.03,3.11,3.57,1.46,1.26,1.41,1.05,0.82,1.62,1.13,0.92,1.44,2.61,2.4099999999999997,2.9499999999999997,3.72,3.8899999999999997,4.13,6.109999999999999,11,15.7,20,21.110000000000003,19.67,15.15,16.67,16.97,17.57,19.3,16.41,10.54,8.33,4.74,3.92,3.54,4.3,2.46,1.6900000000000002,2.05,2.3299999999999996,3.1,4.57,5.6899999999999995,5.8,5.67,6.34,10.229999999999999,13.97,17.439999999999998,21.330000000000002,18.130000000000003,12.82,8.2,6.48,5.430000000000001,5.25,4.44,3.72,2.9299999999999997,2.2800000000000002,2.1,1.8900000000000001,1.31,1.79,2.1,1.6900000000000002,1.8,2.69,2.3899999999999997,3.05,4.08,6.75,13.02,17.84,18.459999999999997,17.51,13.88,7.67,8.28,6.659999999999999,4.98,4.46
39,Kochi,4.91,4.16,4.39,4.86,6.18,7.23,9.7,13.23,16.5,22.61,26.45,28.77,25.02,30.02,20.55,15.05,10.34,9.32,6.95,5.34,3.32,2.45,1.98,2.05,1.05,0.68,0.98,0.95,1.16,0.95,0.82,1.27,1.7,1.8,2.4499999999999997,3.48,3.73,5.09,5.430000000000001,9.2,13.729999999999999,19.2,20.45,18.55,15.61,21.25,19.86,18.41,19.05,14.89,11.66,9.91,5.2,3.8,2.61,2.64,1.86,1.73,1.2,2.05,1.82,3.2,2.9299999999999997,2.9299999999999997,5.609999999999999,7.45,10.98,13.950000000000001,13.59,15.39,10.55,10,7.75,4.95,5.68,6.14,4.41,4.2,2.82,2.8899999999999997,2.7,2.4499999999999997,2,2.34,3.2,4.52,3.25,3.25,3.59,4.05,6.48,12.75,19.8,23.32,22.57,18.18,13.57,10.89,10.639999999999999,8.39,6.48,4.57
40,Fukuoka,3.44,2.82,3.35,3.16,4.18,5.59,6.61,9.07,10.5,17.78,26.62,37.2,39.8,40.92,28.21,21.27,14.23,9.78,5.98,4.64,2.79,2.07,1.58,1.14,1.08,0.92,1.04,0.94,1.33,1.02,2.01,2.4,3.09,3.08,4.25,5.76,5.92,5.76,7.21,10.850000000000001,12.93,18.69,21.64,21,14.11,14.48,15.139999999999999,15.31,16.610000000000003,13.8,10.75,8.38,4.67,2.8299999999999996,2.29,1.85,1.58,1.44,1.3,1.78,2.03,2.74,3.16,3.7,5.319999999999999,7.44,8.16,10.4,11.46,13.96,11.66,9.16,6.72,5.2700000000000005,5.470000000000001,5.02,4.9,3.74,2.84,2.75,2.7800000000000002,2.38,2.3499999999999996,2.2600000000000002,2.7800000000000002,3.1,3.54,4.119999999999999,4.38,4.73,6.72,11.28,14.92,19.439999999999998,19.54,16.45,8.55,7.18,6.4,4.4,3.02,2.46
41,Saga,6.15,5.9,6.03,6.33,8.23,12.33,13.79,20.38,22.38,32.26,52.59,56.59,52.67,57.69,41.51,25.74,15.31,9.69,5.9,3.95,1.97,2.44,2.44,0.95,1.21,1.26,0.67,1.18,1.56,0.85,1.23,1.6900000000000002,2,3.08,4.74,5.49,6.28,7,9.44,15.33,23.05,27.439999999999998,31.79,34.690000000000005,24.59,24.36,21.05,19.79,20.84,15.870000000000001,11.54,8.92,4.59,3.74,3.08,3.2600000000000002,2.72,1.95,1.62,1.77,1.95,2.03,2.8499999999999996,4.03,5.67,8.46,13.82,17.05,15.54,19.69,14.62,10.67,10,7.95,8.9,6.74,6.18,5.85,3.9699999999999998,3.9499999999999997,3.8499999999999996,2.53,2.67,3.38,4.23,4.619999999999999,5.13,4.9,7.26,8.46,11.26,16.310000000000002,29.459999999999997,31.08,31.38,27.82,19.59,13.5,9.739999999999998,6.7700000000000005,4.26,3.23
42,Nagasaki,5.81,5.26,5.07,8.47,10.91,12.26,12.49,15.79,17.24,23.59,31.07,38.11,38.2,42.14,35.01,21.49,14.96,9.06,7.17,5.56,2.97,2.5,2.06,1.29,1.16,0.59,1.3,1.11,0.97,1.29,1.34,1.93,3.96,4.26,4.1899999999999995,4.46,5.14,5.29,6.930000000000001,11.5,16.66,22.939999999999998,30.29,28.459999999999997,19.959999999999997,18.23,19.79,17.97,18.24,14.61,12.29,9.46,4.73,3.3,2.44,1.99,1.36,1.03,1.6400000000000001,1.3900000000000001,1.6700000000000002,2.77,3.07,2.77,4.83,7.54,10.9,12.97,12.01,14.8,12.239999999999998,9.870000000000001,7.26,6.1899999999999995,7.07,8.17,7.23,5.41,4.23,3.2600000000000002,2.8,2.42,1.6900000000000002,2.4299999999999997,3.74,4.59,4.31,3.4099999999999997,4.359999999999999,5.359999999999999,8.709999999999999,12.61,22.4,23.130000000000003,24.939999999999998,21.34,17.419999999999998,10.29,9.81,6.39,4.6899999999999995,3.23
43,Kumamoto,4.02,3.36,3.2,3.68,4.6,5,5.8,7.45,9.37,13.86,23.28,27.1,25.98,27.71,19.72,12.1,7.43,5.48,3.47,2.37,1.2,1.12,0.81,0.62,0.64,0.55,0.3,0.47,0.77,0.62,0.7,2.06,2.3,2.4699999999999998,3.54,5.430000000000001,6.38,8.75,9.58,11.99,15.93,22.05,24.66,22.41,16.43,16.6,15.54,17.84,18.6,15.629999999999999,12.739999999999998,11.3,6.359999999999999,3.3099999999999996,2.65,3.25,2.44,1.8900000000000001,1.6500000000000001,1.55,2.23,3.14,3.94,5.71,8.09,10.84,12.860000000000001,16.08,17.16,19.23,13.98,9.51,7.76,6.88,5.79,5.84,4.24,5.39,2.77,2.3499999999999996,2.72,2.7,1.61,2.84,3.58,4.2,3.4899999999999998,4.08,5.109999999999999,7.359999999999999,12.209999999999999,18.24,26.330000000000002,27.130000000000003,25.459999999999997,19.71,13.77,8.04,7.46,5.22,3.8899999999999997,3.06
44,Oita,6.35,9.16,8.11,6.39,8.61,9.56,14.86,19.51,18.26,25.12,40.3,50.74,50.02,52.7,34.4,23.91,14.44,11.96,9.93,5.72,3.51,2.65,1.89,1.56,1.21,0.86,1.21,1.14,0.89,1.33,1.7,2.4,2.7800000000000002,2.3099999999999996,2.9699999999999998,3.4,4,4.14,6.28,11.76,16.47,21.12,24.330000000000002,24.86,20.45,19.57,17.34,18.03,20.91,16.88,12.52,10.43,4.84,3.48,2.29,1.91,1.43,1.6900000000000002,1.1600000000000001,1.6700000000000002,2.84,4.02,4.24,6.430000000000001,9.1,11.02,12.02,17.16,18.830000000000002,19.22,16.479999999999997,11.29,7.74,6.91,6.71,5.88,5.5,5.38,3.66,2.6,2.74,1.48,1.52,1.6400000000000001,2.4499999999999997,2.7800000000000002,2.12,2.8099999999999996,2.98,4,4.88,11.43,20.07,24.02,20.779999999999998,18.66,11.52,11.02,6.28,4.71,3.4,3.36
45,Miyazaki,6.69,5.98,8.28,7.12,7.33,8.33,9.48,11.19,15.41,23.72,31.86,43.48,50.53,54.43,37.03,24.57,14.98,10.57,6.24,3.47,2.5,2.19,1.84,1.26,0.93,0.79,0.52,0.52,1.09,1.17,0.84,2.07,2.3099999999999996,3.3099999999999996,3.02,4.14,5.88,7.22,9.66,16,20.79,24.47,27.21,25.84,17.67,17.22,17.02,19.1,21.03,16.779999999999998,11.16,9.4,5.31,3.07,2.4099999999999997,3.02,1.74,2.22,1.26,1.62,2.4099999999999997,2.9299999999999997,3.72,3.8299999999999996,5.03,7.45,11.139999999999999,16.07,16.79,17.9,13.55,9.639999999999999,8.05,6.26,6.91,5.67,6.24,6.88,4.52,3.24,2.88,2.98,1.6,1.98,2.36,3.3299999999999996,3.29,5.38,5.78,7.4,11.78,19.74,29.34,29.72,25.979999999999997,19.86,11.639999999999999,7.21,6.14,4.9,3.09,2.7800000000000002
46,Kagoshima,6.03,4.84,3.85,4.22,4.42,5.95,6.36,8.43,8.76,14.11,22.67,33.55,34.79,38.89,36.41,23.02,15.84,10.13,8.23,4.78,3.47,2.54,2.62,2.16,1.68,1.29,1.25,1.09,1.03,1.22,0.89,1.62,2.64,3.48,5.359999999999999,7.37,9.6,11.709999999999999,13.48,17.18,19.08,21.419999999999998,23.54,20.759999999999998,13.12,10.89,13.48,14.69,15.19,15.06,12.58,10.229999999999999,5.22,2.8899999999999997,2.55,2.1,2.01,1.75,1.28,2.22,2.74,3.69,3.4,3.3499999999999996,4.48,5.659999999999999,7.1,12.91,11.44,16.130000000000003,10.870000000000001,8.88,6.8,5.470000000000001,6.22,6.109999999999999,5.6899999999999995,4.78,3.4,3.34,3.58,4.159999999999999,3.8499999999999996,4.6,4.73,5.34,7.109999999999999,8.729999999999999,8.58,10.51,15.42,23.130000000000003,31.75,27.38,22.959999999999997,15.97,9.43,6.58,6.119999999999999,4.33,2.2800000000000002,2.29
47,Okinawa,9.41,8.44,6.8,6.41,8.78,9.43,9.3,12.31,14.41,17.85,19.96,22.78,24.76,31.85,24.35,13.48,9.78,9.59,5.39,3.24,2.52,2.3,2.39,2.02,2.19,1.57,2.09,3.15,3.09,5.63,6.52,6.07,10.8,10.350000000000001,15.8,18.41,28.74,39.48,48.39,41.67,31.830000000000002,22.43,17.59,10.54,6.72,7.6499999999999995,8.5,11.8,12.26,11.67,11.56,9.57,7.52,5.54,3.7,2.54,2.13,1.83,1.44,1.35,1.35,1.8900000000000001,2.07,2.04,3.02,4.78,6.5,7.8,7.33,8.94,6.39,6.87,5.98,5.87,5.76,5.72,5.2,5.74,4.58,5.4,5.81,8.34,9.77,12.04,13.43,14.09,19.74,19.58,18.110000000000003,25.68,29.91,29.919999999999998,28.57,22.06,16.51,12.11,8.350000000000001,5.819999999999999,4.470000000000001,4.3,2.55,2.05
