"publish_date","Central Asia","Eastern Asia","Eastern Europe","Latin America and the Caribbean","Northern Africa","Northern America","Oceania","Others","South-eastern Asia","Southern Asia","Sub-Saharan Africa","West Europe","Western Asia"
2020-01-03,0,0,0,0,0,0,0,0,0,0,0,0,0
2020-01-04,0,0,0,0,0,0,0,0,0,0,0,0,0
2020-01-05,0,0,0,0,0,0,0,0,0,0,0,0,0
2020-01-06,0,0,0,0,0,0,0,0,0,0,0,0,0
2020-01-07,0,0,0,0,0,0,0,0,0,0,0,0,0
2020-01-08,0,0,0,0,0,0,0,0,0,0,0,0,0
2020-01-09,0,0.571428571428571,0,0,0,0,0,0,0,0,0,0,0
2020-01-10,0,0.571428571428571,0,0,0,0,0,0,0,0,0,0,0
2020-01-11,0,6.28571428571429,0,0,0,0,0,0,0,0,0,0,0
2020-01-12,0,6.28571428571429,0,0,0,0,0,0,0,0,0,0,0
2020-01-13,0,5.85714285714286,0,0,0,0,0,0,0.714285714285714,0,0,0,0
2020-01-14,0,6,0,0,0,0,0,0,0.714285714285714,0,0,0,0
2020-01-15,0,6,0,0,0,0,0,0,0.714285714285714,0,0,0,0
2020-01-16,0,6,0,0,0,0,0,0,0.714285714285714,0,0,0,0
2020-01-17,0,6.57142857142857,0,0,0,0,0,0,0.857142857142857,0,0,0,0
2020-01-18,0,3.14285714285714,0,0,0,0,0,0,0.857142857142857,0,0,0,0
2020-01-19,0,12.2857142857143,0,0,0,0,0,0,0.857142857142857,0,0,0,0
2020-01-20,0,23.2857142857143,0,0,0,0.714285714285714,0,0,0.142857142857143,0,0,0,0
2020-01-21,0,36.4285714285714,0,0,0,0.714285714285714,0,0,0.142857142857143,0,0,0,0
2020-01-22,0,58.1428571428571,0,0,0,0.714285714285714,0,0,0.428571428571429,0,0,0,0
2020-01-23,0,76.8571428571429,0,0,0,0.714285714285714,0,0,1.14285714285714,0.714285714285714,0,0,0
2020-01-24,0,113.857142857143,0,0,0,0.857142857142857,0,0,2.14285714285714,0.714285714285714,0,0.428571428571429,0
2020-01-25,0,177.571428571429,0,0,0,0.857142857142857,1,0,3.14285714285714,0.714285714285714,0,0.428571428571429,0
2020-01-26,0,267,0,0,0,2,1.14285714285714,0,3.57142857142857,0.714285714285714,0,0.428571428571429,0
2020-01-27,0,367,0,0,0,1.42857142857143,1.28571428571429,0,4.85714285714286,1.42857142857143,0,0.428571428571429,0
2020-01-28,0,607.428571428571,0,0,0,1.57142857142857,1.28571428571429,0,6,1.42857142857143,0,0.571428571428571,0
2020-01-29,0,794.571428571429,0,0,0,1.57142857142857,1.57142857142857,0,6.57142857142857,1.42857142857143,0,1.57142857142857,1.14285714285714
2020-01-30,0,1025.71428571429,0,0,0,1.71428571428571,1.85714285714286,0,7.57142857142857,1.42857142857143,0,1.71428571428571,1.14285714285714
2020-01-31,0,1273.28571428571,0.285714285714286,0,0,1.85714285714286,1.85714285714286,0,7.57142857142857,1.42857142857143,0,1.71428571428571,1.14285714285714
2020-02-01,0,1507.85714285714,0.285714285714286,0,0,2,1.28571428571429,0,7.14285714285714,1.42857142857143,0,2.42857142857143,1.28571428571429
2020-02-02,0,1779.71428571429,0.285714285714286,0,0,0.857142857142857,1.14285714285714,0,6.85714285714286,1.57142857142857,0,3.14285714285714,1.28571428571429
2020-02-03,0,2072.57142857143,0.285714285714286,0,0,1.14285714285714,1,0,5.71428571428571,1,0,3.28571428571429,1.28571428571429
2020-02-04,0,2281.28571428571,0.285714285714286,0,0,1,1.14285714285714,0,7,1,0,3.57142857142857,1.28571428571429
2020-02-05,0,2629,0.285714285714286,0,0,1.14285714285714,1,2,7,1,0,2.71428571428571,0.142857142857143
2020-02-06,0,2908,0.285714285714286,0,0,1.14285714285714,0.857142857142857,3.42857142857143,6.14285714285714,0.285714285714286,0,2.57142857142857,0.142857142857143
2020-02-07,0,3073.14285714286,0,0,0,1.14285714285714,0.857142857142857,9.28571428571429,5.57142857142857,0.285714285714286,0,2.42857142857143,0.142857142857143
2020-02-08,0,3256.28571428571,0,0,0,1,0.428571428571429,9.71428571428571,7.28571428571429,0.285714285714286,0,2.57142857142857,0.285714285714286
2020-02-09,0,3265.42857142857,0,0,0,1,0.428571428571429,10.5714285714286,7.85714285714286,0.142857142857143,0,1.85714285714286,0.285714285714286
2020-02-10,0,3288,0,0,0,0.571428571428571,0.428571428571429,19.8571428571429,8.14285714285714,0,0,2.28571428571429,0.428571428571429
2020-02-11,0,3179.14285714286,0,0,0,0.714285714285714,0.285714285714286,19.8571428571429,6.28571428571429,0,0,2.14285714285714,0.428571428571429
2020-02-12,0,2911.57142857143,0,0,0,0.571428571428571,0.142857142857143,23.4285714285714,5.85714285714286,0,0,2.28571428571429,0.428571428571429
2020-02-13,0,4547.85714285714,0,0,0,0.714285714285714,0,28.2857142857143,6.42857142857143,0,0,2.42857142857143,0.428571428571429
2020-02-14,0,4677.28571428571,0,0,0.714285714285714,0.428571428571429,0,22.4285714285714,7.14285714285714,0,0,2.57142857142857,0.428571428571429
2020-02-15,0,4572.85714285714,0,0,0.714285714285714,0.428571428571429,0,31.5714285714286,6.14285714285714,0,0,1.71428571428571,0.142857142857143
2020-02-16,0,4481.14285714286,0,0,0.714285714285714,0.428571428571429,0,40.7142857142857,5.85714285714286,0,0,1.71428571428571,0.285714285714286
2020-02-17,0,4348.71428571429,0,0,0.714285714285714,0.571428571428571,0,45.5714285714286,5.85714285714286,0,0,1.28571428571429,0.142857142857143
2020-02-18,0,4266.71428571429,0,0,0.714285714285714,0.428571428571429,0,58.1428571428571,5.85714285714286,0,0,1,0.142857142857143
2020-02-19,0,4230.85714285714,0,0,0.714285714285714,0.428571428571429,0,63.8571428571429,5.85714285714286,0.857142857142857,0,0.857142857142857,0.142857142857143
2020-02-20,0,2132.71428571429,0,0,0.714285714285714,0.142857142857143,0,59.4285714285714,4.57142857142857,1.28571428571429,0,0.714285714285714,0.142857142857143
2020-02-21,0,1696.42857142857,0,0,0,2.85714285714286,0.285714285714286,59.4285714285714,3.42857142857143,3.14285714285714,0,0.285714285714286,1.28571428571429
2020-02-22,0,1471.42857142857,0,0,0,3.14285714285714,0.857142857142857,49.8571428571429,2.57142857142857,4.57142857142857,0,2.28571428571429,1.57142857142857
2020-02-23,0,1302.14285714286,0,0,0,3.14285714285714,1,48,2.14285714285714,6.71428571428571,0,11.2857142857143,1.42857142857143
2020-02-24,0,1074.42857142857,0,0,0,5.71428571428571,1,33.8571428571429,1.85714285714286,10,0,19,5.14285714285714
2020-02-25,0,897.428571428571,0,0,0.714285714285714,5.71428571428571,1.14285714285714,21.2857142857143,1.71428571428571,14.8571428571429,0,33.4285714285714,8.71428571428571
2020-02-26,0,747.714285714286,0.142857142857143,0.714285714285714,0.714285714285714,6.71428571428571,1.14285714285714,10.5714285714286,2,21.1428571428571,0,49.2857142857143,13.8571428571429
2020-02-27,0,815.857142857143,0.142857142857143,0.714285714285714,0.714285714285714,6.71428571428571,1.14285714285714,8.71428571428571,2.57142857142857,35.8571428571429,0,63.7142857142857,17.7142857142857
2020-02-28,0,804.285714285714,0.142857142857143,1.57142857142857,0.714285714285714,4.85714285714286,1.57142857142857,8.71428571428571,2.85714285714286,54.4285714285714,0.714285714285714,111.857142857143,18
2020-02-29,0,831.571428571429,0.571428571428571,2.28571428571429,0.714285714285714,4.57142857142857,1.28571428571429,8.71428571428571,3.14285714285714,82.5714285714286,0.714285714285714,155.571428571429,20.4285714285714
2020-03-01,0,879.428571428571,0.571428571428571,2.42857142857143,0.714285714285714,5.28571428571429,1.42857142857143,0.714285714285714,3.71428571428571,80.4285714285714,0.714285714285714,206,23.1428571428571
2020-03-02,0,914.714285714286,1,5.28571428571429,2.57142857142857,4,2.28571428571429,0.714285714285714,5.57142857142857,207.285714285714,1.42857142857143,297,25.7142857142857
2020-03-03,0,926.428571428571,1.57142857142857,6.85714285714286,2.14285714285714,10.7142857142857,2.28571428571429,0.714285714285714,6.42857142857143,321.714285714286,1.42857142857143,362,24.8571428571429
2020-03-04,0,914.285714285714,1.71428571428571,6.28571428571429,3.14285714285714,12.7142857142857,2.28571428571429,0.142857142857143,5.71428571428571,401.428571428571,1.85714285714286,456.142857142857,21.7142857142857
2020-03-05,0,871,3.14285714285714,7.71428571428571,3.42857142857143,14.8571428571429,3.71428571428571,0.142857142857143,8.57142857142857,470.857142857143,2.57142857142857,591.857142857143,21.1428571428571
2020-03-06,0,834,4.28571428571429,8.42857142857143,4.14285714285714,26.5714285714286,6,0.142857142857143,15.5714285714286,627.285714285714,2.71428571428571,760.571428571429,27.2857142857143
2020-03-07,0,744.142857142857,6,11.8571428571429,10.5714285714286,27.7142857142857,7,1.71428571428571,18.4285714285714,753.142857142857,3.57142857142857,977.142857142857,28.5714285714286
2020-03-08,0,643.571428571429,9.42857142857143,15.1428571428571,10.8571428571429,27.4285714285714,7.71428571428571,1.57142857142857,21.8571428571429,861.428571428571,3.71428571428571,1230.85714285714,33.8571428571429
2020-03-09,0,592.285714285714,11.5714285714286,14,10.8571428571429,64.7142857142857,9,1.57142857142857,26.8571428571429,817,3.14285714285714,1507.42857142857,34.4285714285714
2020-03-10,0,508.285714285714,13.4285714285714,15.4285714285714,11.2857142857143,90.7142857142857,8.85714285714286,1.57142857142857,30.8571428571429,826.142857142857,3.71428571428571,1892.57142857143,40.7142857142857
2020-03-11,0,463.714285714286,19.7142857142857,21.1428571428571,11.7142857142857,90,13.1428571428571,1.71428571428571,40.7142857142857,878.857142857143,4.85714285714286,2225.85714285714,92.8571428571429
2020-03-12,0,415,30.1428571428571,27.1428571428571,12.4285714285714,129.428571428571,14.4285714285714,1.71428571428571,42.2857142857143,950.142857142857,7.14285714285714,2900,99.2857142857143
2020-03-13,0.285714285714286,329.428571428571,44.1428571428571,47.2857142857143,11.7142857142857,164.857142857143,18.4285714285714,2.42857142857143,42.4285714285714,958.428571428571,7.28571428571429,3731.71428571429,98.4285714285714
2020-03-14,0.857142857142857,272.142857142857,58.7142857142857,59.7142857142857,13.8571428571429,226.285714285714,18.4285714285714,2.85714285714286,55.4285714285714,1000.57142857143,19.5714285714286,4574.85714285714,133.428571428571
2020-03-15,0.857142857142857,221,77.2857142857143,67.1428571428571,19.4285714285714,249.285714285714,32,6.14285714285714,86.1428571428571,1080.28571428571,23,5617.57142857143,143.142857142857
2020-03-16,1.42857142857143,190.714285714286,100.571428571429,95.1428571428571,20.2857142857143,210.571428571429,35.2857142857143,6.71428571428571,141.428571428571,1142.28571428571,28.4285714285714,6515.57142857143,162.571428571429
2020-03-17,5.28571428571429,188.142857142857,135.571428571429,134.571428571429,28.7142857142857,455.285714285714,48.1428571428571,8.42857142857143,153,1206.14285714286,33.4285714285714,7640.42857142857,191.857142857143
2020-03-18,6,169.428571428571,162.428571428571,196.714285714286,35.5714285714286,982.142857142857,59.1428571428571,12.5714285714286,182.428571428571,1248.71428571429,51.4285714285714,8952.85714285714,178.142857142857
2020-03-19,7.57142857142857,184,191.428571428571,258,40.5714285714286,1442.57142857143,88.5714285714286,14.4285714285714,248.285714285714,1259.14285714286,63.2857142857143,10297.4285714286,221.142857142857
2020-03-20,10.7142857142857,222.142857142857,228.142857142857,335.285714285714,51.1428571428571,2092.71428571429,107.428571428571,16.1428571428571,277.714285714286,1272,72,12504.7142857143,250.714285714286
2020-03-21,13.5714285714286,221,280.142857142857,404.142857142857,49.4285714285714,2059,138.857142857143,14.7142857142857,326.428571428571,1232.71428571429,75.8571428571429,14625,346
2020-03-22,15.8571428571429,206.428571428571,323.714285714286,393.285714285714,56.7142857142857,2035.57142857143,126.714285714286,12.4285714285714,338.142857142857,1222.85714285714,73.1428571428571,16610.4285714286,438.428571428571
2020-03-23,17.4285714285714,216.571428571429,380.142857142857,452.857142857143,73.1428571428571,4419.85714285714,216.428571428571,14.2857142857143,334.571428571429,1314.14285714286,83.8571428571429,18364.8571428571,516.714285714286
2020-03-24,15.8571428571429,236.714285714286,407.571428571429,839.714285714286,78.8571428571429,7099.28571428571,271.714285714286,22.5714285714286,381.857142857143,1402.42857142857,117.428571428571,20402.7142857143,629
2020-03-25,21.8571428571429,246.857142857143,488.285714285714,771.714285714286,98.5714285714286,6570.14285714286,305.428571428571,19.4285714285714,464,1568,144.571428571429,22362.4285714286,750.428571428571
2020-03-26,29.4285714285714,231.285714285714,569.285714285714,1002.85714285714,102.428571428571,8673.57142857143,338.428571428571,21.1428571428571,447.714285714286,1760.42857142857,210.142857142857,24715.2857142857,887.142857142857
2020-03-27,42.4285714285714,229.428571428571,672.857142857143,903.857142857143,118.142857142857,7975.57142857143,351.857142857143,20,489,2013.85714285714,223.857142857143,26549.7142857143,1137.14285714286
2020-03-28,49.2857142857143,250.142857142857,762.714285714286,1070.14285714286,138.142857142857,10427.8571428571,424.142857142857,27,504.857142857143,2327.28571428571,256.285714285714,28510.5714285714,1440.42857142857
2020-03-29,60.4285714285714,311,883.571428571429,1305.85714285714,157.428571428571,13118.5714285714,479.142857142857,26,563.857142857143,2619.42857142857,279.285714285714,31592.1428571429,1688.42857142857
2020-03-30,59,333,971.285714285714,1365.14285714286,164.571428571429,13625,434.857142857143,27.4285714285714,642,2864,326.714285714286,32557.5714285714,1995.71428571429
2020-03-31,67.7142857142857,336.285714285714,1096.85714285714,1257,180.142857142857,13332.2857142857,418.571428571429,22.2857142857143,641.714285714286,3095.57142857143,323.428571428571,32819.8571428571,2223.42857142857
2020-04-01,67.8571428571429,358.285714285714,1214.85714285714,1510.71428571429,184.285714285714,16752.5714285714,422,25.7142857142857,696.714285714286,3262,308.857142857143,34336.5714285714,2597
2020-04-02,68.7142857142857,370.571428571429,1235,1599.14285714286,236,17778.2857142857,385.571428571429,26,705,3404.42857142857,280.428571428571,34820.4285714286,2925.71428571429
2020-04-03,62.4285714285714,381.714285714286,1397,2048.28571428571,256.571428571429,21693.4285714286,408.428571428571,26.2857142857143,755.571428571429,3417.71428571429,318.428571428571,34300.1428571429,3234.71428571429
2020-04-04,67.1428571428571,396.857142857143,1528.57142857143,2129.85714285714,291.714285714286,23458.5714285714,326,21.1428571428571,799.142857142857,3400.14285714286,345.714285714286,34154.2857142857,3444.57142857143
2020-04-05,72.7142857142857,403.285714285714,1647,2301,306.142857142857,25526.5714285714,303.428571428571,24,777.571428571429,3447.14285714286,367.714285714286,32384.2857142857,3717
2020-04-06,104.428571428571,423.428571428571,1741.85714285714,2494.14285714286,319.428571428571,27561.4285714286,284.142857142857,22,743.857142857143,3451.42857142857,356.714285714286,31855.8571428571,4015.14285714286
2020-04-07,112.428571428571,432.428571428571,1867.85714285714,2637,342.428571428571,28953.7142857143,244.285714285714,21,809,3382,359.857142857143,31426.5714285714,4296.71428571429
2020-04-08,123,443,2029.28571428571,2727.28571428571,353.571428571429,29927.1428571429,214.285714285714,20.5714285714286,750.428571428571,3317,395,30167.4285714286,4604.71428571429
2020-04-09,128.142857142857,479.714285714286,2512.85714285714,2938.28571428571,338.142857142857,31023.5714285714,203.428571428571,23.2857142857143,815.428571428571,3202.57142857143,424.571428571429,29492.8571428571,4861
2020-04-10,138.571428571429,517.571428571429,2701.14285714286,3383.14285714286,339.428571428571,31706.1428571429,159.285714285714,23.5714285714286,783.142857142857,3146,415.714285714286,29567.2857142857,5078.42857142857
2020-04-11,134.857142857143,557.714285714286,2981.28571428571,3995.14285714286,322.857142857143,32725.8571428571,159.571428571429,25,808.428571428571,3150.71428571429,410.714285714286,28861.2857142857,5419
2020-04-12,157.571428571429,615.571428571429,3255.28571428571,4207.71428571429,320.857142857143,32670.5714285714,130.571428571429,27.2857142857143,873.428571428571,3056,415.142857142857,27820.5714285714,5733.85714285714
2020-04-13,161.428571428571,635.285714285714,3580.42857142857,4438.71428571429,333.571428571429,32429.7142857143,102.714285714286,37,916.571428571429,3001.14285714286,438,27150.1428571429,6000.71428571429
2020-04-14,192.857142857143,658.857142857143,3862.14285714286,4523.57142857143,325.285714285714,32716,98.4285714285714,35.7142857142857,952.285714285714,3043.28571428571,478.714285714286,26360.7142857143,6219.71428571429
2020-04-15,203.857142857143,664.285714285714,4200.14285714286,4550.28571428571,343.428571428571,32008.8571428571,84.2857142857143,33.2857142857143,955.142857142857,3029,492.142857142857,25813.5714285714,6254
2020-04-16,236.857142857143,652.428571428571,4349.14285714286,4887.57142857143,376.428571428571,31166.4285714286,73.2857142857143,29.4285714285714,1027.28571428571,3190.28571428571,491,24717,6406.14285714286
2020-04-17,233.428571428571,694.857142857143,4755.71428571429,4908.57142857143,413.428571428571,30865.5714285714,57.8571428571429,35.2857142857143,1112.71428571429,3201.28571428571,517,23663.1428571429,6628.71428571429
2020-04-18,246.142857142857,682.142857142857,5191.14285714286,4868.71428571429,445,30503.2857142857,45.5714285714286,35.8571428571429,1145.14285714286,3224.28571428571,535.285714285714,22452,6643
2020-04-19,237.857142857143,645.142857142857,5751.28571428571,5080.85714285714,465.285714285714,30337.5714285714,50.7142857142857,35.5714285714286,1221.85714285714,3296,583.714285714286,22040.2857142857,6641.28571428571
2020-04-20,225.571428571429,613.142857142857,6068.57142857143,5394.42857142857,472.714285714286,29904.8571428571,48.8571428571429,28,1228.71428571429,3404.42857142857,639,21617,6642
2020-04-21,211.857142857143,593.428571428571,6520.85714285714,5723.42857142857,498.142857142857,29725.2857142857,43.5714285714286,30.8571428571429,1358.85714285714,3535,684.714285714286,21213.2857142857,6831.85714285714
2020-04-22,190.857142857143,577.857142857143,6802.57142857143,5999.14285714286,508,29985.1428571429,39.2857142857143,33.7142857142857,1468,3573.42857142857,681.857142857143,20589.5714285714,7037.71428571429
2020-04-23,153.857142857143,562.285714285714,7047,5995.42857142857,494.428571428571,29754.2857142857,34.8571428571429,34.8571428571429,1489.71428571429,3590,697,20148,7003.42857142857
2020-04-24,205,494.571428571429,7313,6074.14285714286,510.142857142857,29888.4285714286,33.5714285714286,35,1571,3714.85714285714,807,19397.2857142857,6911.85714285714
2020-04-25,217,464,7500.42857142857,7953,484.714285714286,29648.2857142857,26.2857142857143,35.8571428571429,1624.57142857143,3840.85714285714,890.428571428571,18992.2857142857,6781.28571428571
2020-04-26,217.285714285714,429.714285714286,7600.14285714286,8152.14285714286,498.857142857143,30842.4285714286,18.2857142857143,35,1550.85714285714,4007.14285714286,899,18158.5714285714,6826.28571428571
2020-04-27,225.571428571429,400.714285714286,7908,8954,539.857142857143,31426.4285714286,18.1428571428571,36.2857142857143,1608.71428571429,4027.42857142857,923,17476.8571428571,6601.85714285714
2020-04-28,209.714285714286,374.857142857143,8199.57142857143,9265.85714285714,553.142857142857,31657,18.1428571428571,33.7142857142857,1522.28571428571,3924.57142857143,900,16828.2857142857,6343.28571428571
2020-04-29,246.142857142857,358.142857142857,8217.57142857143,9937.71428571429,548.428571428571,31173.4285714286,16.4285714285714,32.4285714285714,1437.14285714286,4146.71428571429,957,15915,6003.28571428571
2020-04-30,279.428571428571,329.285714285714,8585.28571428571,10609.4285714286,560.428571428571,30643,15.5714285714286,30.2857142857143,1414.14285714286,4240.28571428571,1046,15279.7142857143,6141.42857142857
2020-05-01,250.285714285714,290.571428571429,8851.85714285714,11422.8571428571,569.428571428571,30936.4285714286,17.1428571428571,23.1428571428571,1336.71428571429,4432.57142857143,1114.57142857143,14583.5714285714,6071.71428571429
2020-05-02,238.571428571429,263.857142857143,9362.14285714286,10823.2857142857,575.142857142857,31041.1428571429,14.8571428571429,20.2857142857143,1326.85714285714,4560.71428571429,1119.28571428571,13663.7142857143,5932.57142857143
2020-05-03,235.428571428571,254.142857142857,9928.71428571429,11989.8571428571,596.142857142857,29404.7142857143,14.5714285714286,17.8571428571429,1326.42857142857,4707.57142857143,1208.14285714286,12861.1428571429,5833.71428571429
2020-05-04,244.857142857143,256.714285714286,10651.5714285714,12227.5714285714,589.857142857143,29659.1428571429,15.8571428571429,16.7142857142857,1328.57142857143,4901.71428571429,1189.42857142857,12324.2857142857,5782
2020-05-05,264.285714285714,252.428571428571,10933,13029.4285714286,672.857142857143,29514.7142857143,16.8571428571429,15.1428571428571,1317.42857142857,5454.14285714286,1365.42857142857,11821,5873.85714285714
2020-05-06,267.571428571429,226.714285714286,11879.5714285714,13452,732.714285714286,28554,18.4285714285714,12,1348.28571428571,5721.42857142857,1409.28571428571,11339.1428571429,5927
2020-05-07,255.714285714286,208.428571428571,12299.1428571429,13577.1428571429,707,28796.7142857143,21.1428571428571,11.8571428571429,1365.57142857143,6212.28571428571,1425.57142857143,11253.5714285714,5887.85714285714
2020-05-08,285.857142857143,192.571428571429,12725.1428571429,14590.1428571429,702.142857142857,27437.7142857143,21.5714285714286,11.2857142857143,1391,6548.28571428571,1463.28571428571,10644,6014.71428571429
2020-05-09,296.142857142857,170.428571428571,12906.2857142857,15105.4285714286,799,27199.1428571429,23.2857142857143,9.71428571428571,1378.28571428571,6828.85714285714,1679.85714285714,10383.1428571429,6109.42857142857
2020-05-10,300.285714285714,147,13138.4285714286,15372.7142857143,889.142857142857,26996.7142857143,23.1428571428571,9.71428571428571,1419.28571428571,7157.57142857143,1762.28571428571,10005.4285714286,6376.14285714286
2020-05-11,281.142857142857,128.571428571429,13157.8571428571,16301.5714285714,923.285714285714,25886,22.2857142857143,6.14285714285714,1401.57142857143,7651.28571428571,1883,9658.85714285714,6530.71428571429
2020-05-12,294.857142857143,117.571428571429,13249.4285714286,16233.4285714286,825.428571428571,25197.7142857143,20.2857142857143,6.85714285714286,1394.85714285714,7762,1926.71428571429,9446.28571428571,6741.14285714286
2020-05-13,293.142857142857,125.571428571429,13189,16334,853.428571428571,25442.8571428571,18.8571428571429,12.1428571428571,1479,8034.85714285714,2103,9291.28571428571,6928.28571428571
2020-05-14,311.428571428571,121.857142857143,12995.8571428571,17288.5714285714,925.714285714286,25300.5714285714,16.1428571428571,11.8571428571429,1484.28571428571,8062,2216.71428571429,8423.28571428571,7186.71428571429
2020-05-15,299.285714285714,136,12978.4285714286,17672.7142857143,872.857142857143,25062.1428571429,15.1428571428571,16.8571428571429,1494,8345.42857142857,2249,8156.28571428571,7306
2020-05-16,319.714285714286,134.285714285714,12754,18238.5714285714,811.285714285714,24587.2857142857,16.7142857142857,18.8571428571429,1540.28571428571,8570.71428571429,2165.42857142857,7676.14285714286,7643.85714285714
2020-05-17,364.714285714286,123.142857142857,12425.2857142857,19943.4285714286,781.857142857143,24119.7142857143,17,18.4285714285714,1517,8640.57142857143,2193.28571428571,7471.57142857143,7849.28571428571
2020-05-18,400.714285714286,115,12018.7142857143,20924,816.428571428571,24879.7142857143,16.1428571428571,20.5714285714286,1523.57142857143,9232,2286.85714285714,7340.57142857143,8034
2020-05-19,445.571428571429,111.428571428571,11903.8571428571,21683.5714285714,856.714285714286,23365.7142857143,17.4285714285714,18.5714285714286,1454,9611.14285714286,2296.57142857143,7129.14285714286,8214.28571428571
2020-05-20,482.571428571429,93.4285714285714,11547.8571428571,22924.1428571429,967.714285714286,24277.2857142857,16.1428571428571,19.8571428571429,1395.42857142857,10100,2304.42857142857,6838.71428571429,8248.71428571429
2020-05-21,528.857142857143,88.1428571428571,11681.1428571429,25226.2857142857,945.857142857143,24526.2857142857,17.7142857142857,19.7142857142857,1470.42857142857,10720,2342.14285714286,6712.14285714286,8229.85714285714
2020-05-22,561,76.8571428571429,11418.8571428571,26290.8571428571,1034.71428571429,24804.8571428571,16,19.2857142857143,1434.57142857143,10936,2474.85714285714,6395.28571428571,7461.57142857143
2020-05-23,604.714285714286,68.1428571428571,11293.4285714286,28483.1428571429,1133.14285714286,23847.8571428571,13.7142857142857,23.1428571428571,1410.14285714286,11618.1428571429,2526.14285714286,6313.57142857143,7541.57142857143
2020-05-24,594.714285714286,64.4285714285714,11107,29173.4285714286,1151.42857142857,24034,12.5714285714286,26.8571428571429,1440.57142857143,12289.5714285714,2626,6136.57142857143,7433
2020-05-25,637.142857142857,65.7142857142857,11124.4285714286,29882.1428571429,1155,23201.7142857143,11.7142857142857,27.7142857142857,1431,12394.2857142857,2634.71428571429,6007.42857142857,7586.42857142857
2020-05-26,627.142857142857,64.1428571428571,11072.5714285714,31759.4285714286,1209.71428571429,23479.8571428571,10.2857142857143,36.4285714285714,1484.85714285714,12554.1428571429,2751.14285714286,5862.85714285714,7315
2020-05-27,625,66.8571428571429,10999.1428571429,32334.5714285714,1115.71428571429,23504,11.5714285714286,33.2857142857143,1514.57142857143,12548.5714285714,2759.57142857143,5540,7348.14285714286
2020-05-28,620.857142857143,77.4285714285714,10767.2857142857,32256.1428571429,1203.85714285714,22503.4285714286,9.42857142857143,37.8571428571429,1450.42857142857,12698.5714285714,2959.57142857143,5216.14285714286,7221.71428571429
2020-05-29,635,75.8571428571429,10711.7142857143,33601.1428571429,1251.14285714286,22036.2857142857,10.7142857142857,36.8571428571429,1495.42857142857,13406.4285714286,3001.28571428571,5533.71428571429,8051.14285714286
2020-05-30,637.571428571429,89.2857142857143,10750.2857142857,34402.8571428571,1301.57142857143,22105.4285714286,12,34.1428571428571,1594,13782,3186.85714285714,5423.14285714286,8038.57142857143
2020-05-31,659,94.5714285714286,10867.1428571429,35856.1428571429,1387.71428571429,21186.2857142857,12.1428571428571,32,1779.14285714286,14359,3343.85714285714,5509.71428571429,8034.71428571429
2020-06-01,638.428571428571,98.5714285714286,10844.2857142857,39120.8571428571,1499.42857142857,20744.1428571429,13.1428571428571,34.2857142857143,1669,14503.5714285714,3516.85714285714,5458.71428571429,8026.28571428571
2020-06-02,605.571428571429,103,10830.4285714286,39952.7142857143,1579,22269.1428571429,13.2857142857143,29.1428571428571,1704.14285714286,15434.5714285714,3643.14285714286,5319.28571428571,8162.85714285714
2020-06-03,580.142857142857,107.857142857143,10843.1428571429,40368.7142857143,1614.71428571429,20799.4285714286,13.7142857142857,30,1693,16589.5714285714,3775.85714285714,5119.71428571429,8319.28571428571
2020-06-04,561.428571428571,100,10913.5714285714,42298.7142857143,1630.71428571429,21967.7142857143,14.1428571428571,35.4285714285714,1762.85714285714,17619.7142857143,3832,5065.85714285714,8562.42857142857
2020-06-05,518.714285714286,97.8571428571429,10956,43312.5714285714,1665.14285714286,21211.4285714286,14.4285714285714,35,1820.71428571429,18385.1428571429,4122.42857142857,4579.57142857143,8631.28571428571
2020-06-06,468.714285714286,92,10985.8571428571,44212.7142857143,1666.85714285714,21001.2857142857,12.7142857142857,36,1662.57142857143,19115.7142857143,4349,4508.71428571429,8827
2020-06-07,440.428571428571,95.8571428571429,10856.7142857143,45080.5714285714,1676.28571428571,22478.4285714286,11.4285714285714,42,1578,19658.4285714286,4468.42857142857,4339,9126.42857142857
2020-06-08,429.571428571429,94.4285714285714,11059.8571428571,43960.7142857143,1634.71428571429,23247.4285714286,10.8571428571429,49,1729.71428571429,20516.7142857143,4517.28571428571,4326.42857142857,9362.57142857143
2020-06-09,437,91.5714285714286,11074.1428571429,43759.1428571429,1645,22038.7142857143,10.2857142857143,61.4285714285714,1780.57142857143,20737.4285714286,4668.42857142857,4381.28571428571,9665
2020-06-10,447.571428571429,89.2857142857143,11093.5714285714,44085.7142857143,1702,22408.4285714286,8.28571428571429,63.2857142857143,1816.85714285714,20993.1428571429,4846.28571428571,4532.42857142857,9948.14285714286
2020-06-11,454.714285714286,92.8571428571429,11101,44724.1428571429,1753,21288,7.14285714285714,70.2857142857143,1862.57142857143,21172.7142857143,4919.42857142857,4508.71428571429,10187.5714285714
2020-06-12,479.428571428571,93.7142857142857,11191.8571428571,45883.1428571429,1779.57142857143,22075.2857142857,7.57142857142857,78.4285714285714,1844.85714285714,21455.4285714286,4936.14285714286,4458.28571428571,10581.4285714286
2020-06-13,492.285714285714,95.4285714285714,11202.8571428571,46673.2857142857,1811.42857142857,22282.7142857143,7,92.4285714285714,1986.85714285714,22027.5714285714,4936.71428571429,4357.28571428571,10821.8571428571
2020-06-14,508.428571428571,100.142857142857,11325.2857142857,46717.8571428571,1823.71428571429,21334.1428571429,8.28571428571429,116.428571428571,1974.14285714286,22598.2857142857,5150.28571428571,4326.57142857143,10945
2020-06-15,530.714285714286,111.857142857143,11102.7142857143,46299.4285714286,1880.42857142857,20783.1428571429,10,117.857142857143,1999.14285714286,23017.7142857143,5693.28571428571,4387.28571428571,11196.7142857143
2020-06-16,567.571428571429,124,11042.2857142857,46518.7142857143,1937.14285714286,21303.2857142857,11.7142857142857,130.428571428571,1990,23188.7142857143,5876.57142857143,4376,11442
2020-06-17,610.142857142857,128.857142857143,11019.5714285714,47730.5714285714,1964,21416.5714285714,12.5714285714286,157.857142857143,1966.85714285714,23616,6003.28571428571,4322.57142857143,11611.4285714286
2020-06-18,638.142857142857,134.285714285714,10964.4285714286,52704.5714285714,1971,22930.4285714286,16,169.714285714286,1869.42857142857,24166.2857142857,6298.42857142857,4373.85714285714,11819.1428571429
2020-06-19,663.571428571429,142.714285714286,10828.2857142857,52545.2857142857,1929.14285714286,23321.5714285714,17.1428571428571,202,1913.14285714286,24578.7142857143,6426.42857142857,4408.57142857143,11900.8571428571
2020-06-20,811.285714285714,149.285714285714,10750.2857142857,51403.7142857143,2061,23502,20,225.285714285714,1860.71428571429,24953.5714285714,6686.42857142857,4437.85714285714,11933
2020-06-21,994,149.428571428571,10585.5714285714,55436,2072.28571428571,25570.7142857143,25.2857142857143,233.142857142857,1917.14285714286,25218.5714285714,6986.28571428571,4457.42857142857,11940.2857142857
2020-06-22,1147.85714285714,140,10461.7142857143,57401.2857142857,2050.14285714286,26564.4285714286,26.8571428571429,272.285714285714,1915.14285714286,25556,6943,4380.28571428571,11759.2857142857
2020-06-23,1332,139,10349,57675.7142857143,2027.85714285714,27387.5714285714,26.7142857142857,252.857142857143,1923.85714285714,26207.2857142857,7098.71428571429,4393.42857142857,11771.1428571429
2020-06-24,1508.57142857143,140.285714285714,10232.2857142857,58040,1996.85714285714,28522.5714285714,27.8571428571429,245.857142857143,2022.28571428571,26432.7142857143,7321.28571428571,4439.85714285714,11869.5714285714
2020-06-25,1666.85714285714,140.285714285714,10098.4285714286,54500.5714285714,2040.57142857143,29419.1428571429,29.7142857142857,262.857142857143,2026.85714285714,26748.7142857143,7612.57142857143,4431.28571428571,11932
2020-06-26,1856.85714285714,139.428571428571,9961.42857142857,56545.5714285714,2169.28571428571,31469.8571428571,33.5714285714286,258.428571428571,2009,26888.1428571429,8107.28571428571,4360.28571428571,12134.4285714286
2020-06-27,1946.85714285714,142.142857142857,9772.57142857143,59125,2113,33968.8571428571,35.7142857142857,260,2097.85714285714,27074.5714285714,8374.71428571429,4458.57142857143,12361.5714285714
2020-06-28,1956.57142857143,146.857142857143,9652.71428571429,58203.1428571429,2067,35054.8571428571,36,261.285714285714,2099.85714285714,27654.5714285714,8668.57142857143,4344,12500.8571428571
2020-06-29,1904,154,9505,59066.8571428571,2051.14285714286,36780.4285714286,38.5714285714286,220.285714285714,2141.85714285714,28245,8908.28571428571,4380.42857142857,12796
2020-06-30,3261.57142857143,157.857142857143,9369.85714285714,60908.2857142857,2076.57142857143,38685.1428571429,48.7142857142857,273.285714285714,2206,28629.5714285714,9081.85714285714,4454.28571428571,12766
2020-07-01,3310,164.714285714286,9239.14285714286,61393.8571428571,2143.28571428571,40057.4285714286,56,290.714285714286,2248.85714285714,29086.2857142857,9367,4439.85714285714,12933
2020-07-02,3378.71428571429,179.142857142857,9154,60353.7142857143,2134.71428571429,41389.5714285714,66,297.571428571429,2366.57142857143,29432.8571428571,9712.57142857143,4407.42857142857,12963.5714285714
2020-07-03,3427.14285714286,195.714285714286,9080.42857142857,61177.1428571429,2132.71428571429,43731.1428571429,70.1428571428571,293.857142857143,2371.85714285714,30191.2857142857,9854,4378.85714285714,12941.5714285714
2020-07-04,3430,211.142857142857,9042.85714285714,62628.7142857143,2093,45570.4285714286,101.285714285714,282.571428571429,2448.14285714286,30733.4285714286,10298.1428571429,4217.57142857143,13089
2020-07-05,3420.42857142857,232.142857142857,8999.28571428571,62272.2857142857,2189,46659.2857142857,109.857142857143,318.142857142857,2552,31223.2857142857,10785,4228.28571428571,13257.2857142857
2020-07-06,3523.57142857143,256.571428571429,8938.42857142857,62526.2857142857,2236.28571428571,48458.4285714286,115.857142857143,327.428571428571,2849.71428571429,31689.2857142857,11309.2857142857,4145.42857142857,13267.8571428571
2020-07-07,2194.57142857143,269.571428571429,8835.28571428571,62238.4285714286,2179.71428571429,48841.1428571429,125,313.285714285714,3024.14285714286,32084.8571428571,11815.4285714286,4167,13393
2020-07-08,2252.85714285714,283.428571428571,8839.85714285714,61836.5714285714,2130.71428571429,50293.7142857143,139.714285714286,313,3074.71428571429,32392,12637.5714285714,4133.14285714286,13313
2020-07-09,2281.57142857143,289.857142857143,8822.57142857143,64014,2094.14285714286,51244.5714285714,143.857142857143,329.857142857143,3345.85714285714,32989.1428571429,12789.2857142857,4108.42857142857,13347.1428571429
2020-07-10,2322.14285714286,313.714285714286,8816.14285714286,64076.8571428571,2034.42857142857,52762.7142857143,157.571428571429,338,3642.42857142857,33441.7142857143,13634,4155.28571428571,13329.4285714286
2020-07-11,2428.85714285714,342.428571428571,8817.28571428571,63669,1962,53557.7142857143,163.428571428571,356.428571428571,3639.85714285714,33811,14021.5714285714,4229.85714285714,13283.5714285714
2020-07-12,2583.28571428571,361.285714285714,8803.42857142857,64566.4285714286,1859,55607.8571428571,176.571428571429,343.857142857143,3643.85714285714,34124.7142857143,14534.2857142857,4295.71428571429,13113.5714285714
2020-07-13,2698,384.714285714286,8819.28571428571,64794,1796.28571428571,56347.5714285714,198.714285714286,353,3606.57142857143,34586.7142857143,14947.8571428571,4332.57142857143,13041.4285714286
2020-07-14,2799.71428571429,408.285714285714,8835.42857142857,64695,1791.28571428571,58697.7142857143,203.285714285714,363.571428571429,3447.42857142857,35319.8571428571,15290.4285714286,4374.71428571429,13060.7142857143
2020-07-15,2777.28571428571,424.285714285714,8858.71428571429,64975,1768.14285714286,60510.8571428571,218.142857142857,328.142857142857,3378.14285714286,36152.5714285714,15001,4423.14285714286,12988.7142857143
2020-07-16,2808.42857142857,452.857142857143,8862.14285714286,65153.5714285714,1758.85714285714,62017.1428571429,233.571428571429,284.571428571429,3176.28571428571,37050.4285714286,15626.8571428571,4590.14285714286,12864
2020-07-17,2849.85714285714,493.142857142857,8848.42857142857,64649.7142857143,1751.28571428571,62390.2857142857,254,273.571428571429,3184.85714285714,38057.4285714286,15947.1428571429,4718.85714285714,12802.5714285714
2020-07-18,4454.28571428571,535.142857142857,8834.42857142857,65572.7142857143,1733,64186.7142857143,271.857142857143,252.285714285714,3264.85714285714,39039.7142857143,16350.1428571429,4877.28571428571,12530.4285714286
2020-07-19,4556.28571428571,563.285714285714,8812.71428571429,64670.8571428571,1764.14285714286,65351.8571428571,272.714285714286,231.857142857143,3421.28571428571,40341.4285714286,16293.2857142857,5000.71428571429,12414.2857142857
2020-07-20,4548.42857142857,582.428571428571,8781.85714285714,64558.2857142857,1762.71428571429,66023.8571428571,290.428571428571,217.857142857143,3442.57142857143,41817.1428571429,16551.1428571429,5195.42857142857,12215.8571428571
2020-07-21,4628,629.428571428571,8784.42857142857,65159.8571428571,1750.85714285714,66419.7142857143,302.571428571429,192.428571428571,3572,42877.2857142857,16374.8571428571,5473.42857142857,11987
2020-07-22,4742.14285714286,673.714285714286,8814.71428571429,66089.4285714286,1737.85714285714,66245,316.857142857143,223.142857142857,3785.57142857143,43933.7142857143,16253.1428571429,5671.57142857143,11979.1428571429
2020-07-23,4783.28571428571,736.428571428571,8834.57142857143,66412.8571428571,1725.71428571429,66596.4285714286,349.714285714286,220.714285714286,3876.57142857143,45667.4285714286,16429.1428571429,5955.14285714286,12002.7142857143
2020-07-24,4803.57142857143,791.571428571429,8866.14285714286,71043.5714285714,1716.57142857143,66978.4285714286,363.428571428571,257.285714285714,3899.71428571429,47602.2857142857,16028.5714285714,6238.42857142857,11882.8571428571
2020-07-25,3102.71428571429,837.714285714286,8954.42857142857,73729.5714285714,1786.85714285714,67010.5714285714,344,283.714285714286,3980.85714285714,49501.2857142857,16340.8571428571,6475.14285714286,11879.4285714286
2020-07-26,3096.85714285714,864,9029.71428571429,77023.7142857143,1729.71428571429,67012,365.857142857143,284.714285714286,4000.71428571429,50845.5714285714,16229.8571428571,6610.85714285714,11866
2020-07-27,3071.57142857143,894,9082.42857142857,79808.1428571429,1844.42857142857,66587,381.428571428571,299.285714285714,3995.57142857143,52148.1428571429,15931.7142857143,6691.85714285714,11784.4285714286
2020-07-28,2980.28571428571,958,9141.42857142857,80181,1873.85714285714,66405,420.857142857143,331.571428571429,4041.57142857143,53626.4285714286,15820.4285714286,6823.71428571429,11642.1428571429
2020-07-29,2903.57142857143,1029,9152.42857142857,81027,1903.71428571429,65926,420.142857142857,333.428571428571,4014.85714285714,55156.7142857143,15753.4285714286,6928.42857142857,11556
2020-07-30,2865,1096.28571428571,9201.14285714286,81840.8571428571,1959.28571428571,65429.7142857143,392.571428571429,354.428571428571,4134.71428571429,56020.1428571429,15392.7142857143,7164.57142857143,11396.5714285714
2020-07-31,2796.71428571429,1171.71428571429,9244.28571428571,82295.7142857143,2028.14285714286,64815.1428571429,436.571428571429,333.571428571429,4381.28571428571,56805.8571428571,15259.5714285714,7440.71428571429,11266
2020-08-01,3580.28571428571,1251.28571428571,9217,82531.2857142857,2053.71428571429,64244.5714285714,483.142857142857,319.857142857143,4718.57142857143,57974.1428571429,14904.8571428571,7722.28571428571,10976.8571428571
2020-08-02,3505.71428571429,1284.14285714286,9198.28571428571,81882.4285714286,2076.57142857143,63279.2857142857,488.571428571429,317.714285714286,5058.85714285714,58755.5714285714,14552.8571428571,7970.71428571429,10466.1428571429
2020-08-03,3510.14285714286,1478.28571428571,9197.42857142857,83223.8571428571,1911.42857142857,62473,515.142857142857,321.571428571429,5459.42857142857,58945.2857142857,14160.1428571429,8183.28571428571,10083.4285714286
2020-08-04,3684,1492.85714285714,9134.42857142857,84191.5714285714,1871.71428571429,60418.1428571429,496.285714285714,304.857142857143,5671,59351.2857142857,13624.7142857143,8553.85714285714,9796
2020-08-05,3844.57142857143,1523.14285714286,9145,83327.8571428571,1863.57142857143,59645.1428571429,502.714285714286,304.142857142857,6344.57142857143,59722.1428571429,13157.4285714286,8886.85714285714,9499.28571428571
2020-08-06,3981.42857142857,1510,9147.14285714286,84663.8571428571,1897.71428571429,58268.2857142857,572,299.714285714286,6574.42857142857,60255.7142857143,12871.5714285714,9218.57142857143,9306.57142857143
2020-08-07,4068.42857142857,1520,9185.85714285714,83848.8571428571,1900.85714285714,56537.7142857143,530.857142857143,289.571428571429,6516.42857142857,61354.8571428571,12365.5714285714,9539.28571428571,9192.71428571429
2020-08-08,3398.28571428571,1538,9263,83765.8571428571,1857.57142857143,54757.7142857143,507.857142857143,284,6458.71428571429,61989,11509.1428571429,10045.5714285714,9325.57142857143
2020-08-09,3247.42857142857,1596.42857142857,9328.71428571429,84749.8571428571,1941.71428571429,53820.7142857143,511.714285714286,287,6427.71428571429,63390.4285714286,11246.7142857143,10367.8571428571,9640.71428571429
2020-08-10,3108,1478.71428571429,9308.28571428571,83946.8571428571,2087,53171.2857142857,475.857142857143,278.571428571429,6186.14285714286,64861.1428571429,10877.2857142857,10556.8571428571,9794.71428571429
2020-08-11,2982.42857142857,1445.28571428571,9309.42857142857,83244.7142857143,2129.42857142857,53274.8571428571,462.714285714286,262.571428571429,6692.42857142857,65267.5714285714,10621.5714285714,10998.5714285714,10016.4285714286
2020-08-12,2773.71428571429,1443,9304.14285714286,84649.1428571429,2193.14285714286,52028.8571428571,457.142857142857,255.714285714286,6146.42857142857,66620.1428571429,10262,11424.2857142857,10202.7142857143
2020-08-13,2578.42857142857,1411,9344.71428571429,85886.4285714286,2225.57142857143,52698.8571428571,422.428571428571,252.714285714286,6153.85714285714,68194,9282.14285714286,11948.2857142857,10340.7142857143
2020-08-14,2441.42857142857,1349.71428571429,9379.14285714286,86025,2241.28571428571,53064.8571428571,399.285714285714,256,6198.14285714286,68431.8571428571,8750.42857142857,12540.4285714286,10505.1428571429
2020-08-15,2353.14285714286,1322.42857142857,9404.71428571429,87321.1428571429,2310.71428571429,52707.2857142857,398.428571428571,261.857142857143,6554,68931.7142857143,8586.28571428571,13071.8571428571,10532.8571428571
2020-08-16,2269.28571428571,1324,9386.42857142857,87121,2406,51896.4285714286,382.857142857143,241.857142857143,6577.42857142857,68839.7142857143,8120.28571428571,14071.1428571429,10648.1428571429
2020-08-17,2179.85714285714,1308.57142857143,9411.57142857143,86626.7142857143,2450.71428571429,51966,368.285714285714,235.142857142857,6634.57142857143,68234,7725.28571428571,14748.8571428571,10886.2857142857
2020-08-18,2032.57142857143,1343.71428571429,9450.28571428571,87427.4285714286,2495.85714285714,50977,377.428571428571,236.857142857143,6139.57142857143,68432.2857142857,7649.71428571429,14219.2857142857,10896.1428571429
2020-08-19,1946.14285714286,1317.85714285714,9464,86037.4285714286,2461.14285714286,50882.4285714286,359.428571428571,228.571428571429,6402.57142857143,69017.2857142857,7716.14285714286,14537.4285714286,11084.7142857143
2020-08-20,1863.14285714286,1346,9536.14285714286,85096.2857142857,2532.42857142857,48469.5714285714,324.428571428571,221.142857142857,6455.57142857143,69355.5714285714,7973.28571428571,15101.7142857143,11186.2857142857
2020-08-21,1758.42857142857,1390,9553.85714285714,84214.8571428571,2503.28571428571,47078.8571428571,339.571428571429,206.714285714286,6538,70006.5714285714,7975.14285714286,15780.7142857143,11235.5714285714
2020-08-22,1645.42857142857,1361.14285714286,9679.28571428571,81780.7142857143,2508.42857142857,45814,316.285714285714,192,6269.85714285714,70625.4285714286,7591.42857142857,16375.5714285714,11211.7142857143
2020-08-23,1570.28571428571,1356.28571428571,9756.71428571429,78721.4285714286,2504.85714285714,44483,306.571428571429,246.285714285714,6314.42857142857,71378.1428571429,7465.42857142857,16735.8571428571,11197.2857142857
2020-08-24,1517.71428571429,1330.42857142857,9800,79834.7142857143,2519.42857142857,43138.2857142857,306.428571428571,242,6435,71889.7142857143,7420.14285714286,17300,11025.1428571429
2020-08-25,1435,1271.28571428571,9850.28571428571,79061.2857142857,2471.42857142857,42675.5714285714,283,232.857142857143,6372.71428571429,72725.5714285714,7304.28571428571,17827.4285714286,11155
2020-08-26,1328.42857142857,1248.28571428571,9855.42857142857,79672.7142857143,2543.14285714286,41778.5714285714,284.285714285714,231.285714285714,6216.85714285714,72943.1428571429,7118.28571428571,18184.2857142857,11072.7142857143
2020-08-27,1247.57142857143,1255.28571428571,9833.71428571429,79211.7142857143,2469.14285714286,41658.8571428571,289,269.857142857143,6367,73762.4285714286,6827.28571428571,18789.5714285714,11029
2020-08-28,1192.57142857143,1215.71428571429,9951.85714285714,78407.8571428571,2503.57142857143,41564.1428571429,274.285714285714,269.571428571429,6290.14285714286,74890,6128.85714285714,19130.1428571429,11041.7142857143
2020-08-29,1132,1187.28571428571,9928.42857142857,78164.8571428571,2506.85714285714,41891.2857142857,270.285714285714,264.285714285714,6348.28571428571,75755.4285714286,6216.85714285714,19810.5714285714,11194.8571428571
2020-08-30,1098.28571428571,1147.14285714286,9987.57142857143,80441.5714285714,2479.57142857143,41613,258.571428571429,207.857142857143,6348.42857142857,77058.1428571429,5923.42857142857,20345.4285714286,11210.1428571429
2020-08-31,1075.57142857143,1120.57142857143,10109.4285714286,79211.7142857143,2457.85714285714,41483.8571428571,239.714285714286,239.142857142857,6467.85714285714,79454.1428571429,5771.71428571429,20612.7142857143,11379.7142857143
2020-09-01,930.714285714286,1101.14285714286,10152.4285714286,77998.7142857143,2555.28571428571,41384.2857142857,234.428571428571,236.571428571429,6696.85714285714,80602.1428571429,5647.71428571429,20940.1428571429,11399.8571428571
2020-09-02,929.714285714286,1078.85714285714,10258.5714285714,81597.8571428571,2544.28571428571,41267.7142857143,219.285714285714,260.285714285714,6824.57142857143,82080.5714285714,5648.57142857143,21271.8571428571,11401.4285714286
2020-09-03,878,1006.57142857143,10405.4285714286,81034.2857142857,2608.57142857143,42094.4285714286,201.714285714286,233.571428571429,6501.14285714286,83220.2857142857,5473,21616.2857142857,11530.2857142857
2020-09-04,846.142857142857,948.428571428571,10515,80931.5714285714,2640.42857142857,41232.7142857143,197.142857142857,238.285714285714,6451.14285714286,84053.5714285714,5809,22087.7142857143,11977
2020-09-05,806.428571428571,892.428571428571,10715.1428571429,80426.5714285714,2763,41019.8571428571,187.857142857143,236.142857142857,6448.42857142857,85505,5419.28571428571,22581.4285714286,12277.5714285714
2020-09-06,801.571428571429,829.714285714286,10820.2857142857,81321.7142857143,2791.14285714286,41770.1428571429,187.142857142857,235.857142857143,6266,87242.8571428571,5200.57142857143,23463.1428571429,12594
2020-09-07,790.428571428571,788.142857142857,10927,78046.5714285714,2969.42857142857,41973.7142857143,176.571428571429,202.285714285714,6153,88986.7142857143,5016.71428571429,24186.7142857143,12836.5714285714
2020-09-08,837.571428571429,753.142857142857,11124.5714285714,77874.2857142857,3020.71428571429,41481,162.571428571429,196.428571428571,5887.14285714286,89906.5714285714,4846.14285714286,24872.2857142857,13114.1428571429
2020-09-09,830,718.571428571429,11352.7142857143,71816.4285714286,3204.42857142857,40544.2857142857,162.142857142857,300.142857142857,5933.28571428571,91557.1428571429,4745.28571428571,25462.5714285714,13620.5714285714
2020-09-10,868.428571428571,696.857142857143,11492.8571428571,67636.8571428571,3274,37926.2857142857,160.428571428571,298.571428571429,6131.42857142857,93160.1428571429,4674.14285714286,26405.8571428571,13969
2020-09-11,906.571428571429,694.571428571429,11716.4285714286,66083.2857142857,3420.85714285714,36874,155.857142857143,283.142857142857,6461.28571428571,95018.8571428571,4587.85714285714,27534.7142857143,14113.4285714286
2020-09-12,936.285714285714,694.142857142857,11931.5714285714,65381.5714285714,3419.28571428571,35820.2857142857,141.714285714286,274.285714285714,6622.28571428571,96661,4441.42857142857,28536.7142857143,14227.8571428571
2020-09-13,955.857142857143,706.857142857143,12218.7142857143,64067.5714285714,3546.14285714286,35314.7142857143,138.285714285714,377.571428571429,7106.42857142857,97156.5714285714,4464.85714285714,29344.1428571429,14435
2020-09-14,993.571428571429,705,12343.2857142857,66234.5714285714,3479.42857142857,34588.5714285714,135.428571428571,374.428571428571,7231.85714285714,97365.7142857143,4261.14285714286,29713,14778.1428571429
2020-09-15,1034.85714285714,689.857142857143,12573.1428571429,66615.4285714286,3530.14285714286,34847,141,370,7761.57142857143,98561.7142857143,4188,30332.5714285714,15018.8571428571
2020-09-16,1025.85714285714,684.428571428571,12950.8571428571,67832.4285714286,3534,36161.2857142857,136.571428571429,233.428571428571,7872.14285714286,98771.1428571429,4096.14285714286,31297.7142857143,15231.4285714286
2020-09-17,1012.85714285714,694.428571428571,13427.5714285714,70494.8571428571,3540.57142857143,37598.1428571429,133.285714285714,281.714285714286,8023.57142857143,99258.2857142857,4020.14285714286,32188.1428571429,15643.7142857143
2020-09-18,982,661.714285714286,13919.2857142857,70506.1428571429,3599.57142857143,38913.2857142857,117.142857142857,275.714285714286,7939,99335.2857142857,3947.28571428571,33062.7142857143,15760.2857142857
2020-09-19,984.142857142857,648.285714285714,14203.8571428571,69555.7142857143,3686,39767.4285714286,121.714285714286,277.285714285714,7846.42857142857,98886.4285714286,3960.85714285714,34203.1428571429,15986.5714285714
2020-09-20,994.142857142857,630.285714285714,14567.7142857143,69320.2857142857,3797.42857142857,40208.1428571429,119.428571428571,163.857142857143,7792.28571428571,98797.1428571429,3927.71428571429,35477.2857142857,16124.7142857143
2020-09-21,995,632.142857142857,14860.4285714286,68459.1428571429,3834.85714285714,40482.2857142857,114.571428571429,165,7874.42857142857,98261.2857142857,4034.42857142857,36324.7142857143,16263.5714285714
2020-09-22,1009.42857142857,624,15071.5714285714,68002.2857142857,3701.71428571429,40760.2857142857,110.285714285714,167.857142857143,7903,97116.8571428571,4015.14285714286,36853,16102.5714285714
2020-09-23,1004.57142857143,601.142857142857,15328.1428571429,67401.5714285714,3789.85714285714,41538.7142857143,104,318.857142857143,7736.42857142857,96231.8571428571,4048.14285714286,37476.8571428571,16086.8571428571
2020-09-24,1008.28571428571,554.714285714286,15569.8571428571,67036.7142857143,3871.14285714286,43760.7142857143,104.428571428571,267,7802.28571428571,94683.7142857143,4054.14285714286,38402.7142857143,16428.5714285714
2020-09-25,1007.14285714286,544.714285714286,15881.2857142857,66519.2857142857,3890,43674.1428571429,95.7142857142857,270.857142857143,7821.14285714286,93336.5714285714,3995,39598.2857142857,16893.5714285714
2020-09-26,959,534.857142857143,16498.7142857143,66769.2857142857,3934.14285714286,43510.8571428571,99.5714285714286,270,7905.42857142857,92131.8571428571,3874.28571428571,40360.2857142857,17406.1428571429
2020-09-27,952.142857142857,542.428571428571,16942.8571428571,65414.2857142857,3914.85714285714,43814,94.4285714285714,335.285714285714,7703.57142857143,91534.5714285714,3692.42857142857,40449.1428571429,18058.4285714286
2020-09-28,968.428571428571,532.142857142857,17418,64900.7142857143,3902.28571428571,44901.5714285714,91.2857142857143,333.428571428571,7688.57142857143,90870.7142857143,3583.28571428571,40899.7142857143,18381
2020-09-29,939.857142857143,539.714285714286,18024.2857142857,64703.1428571429,4109.57142857143,44763,83.5714285714286,330.857142857143,7579.42857142857,90252.5714285714,3609.85714285714,40699.7142857143,18577.8571428571
2020-09-30,924.142857142857,567.285714285714,18543,65219.4285714286,4035.14285714286,43899.1428571429,104.142857142857,178.142857142857,7679,89873.2857142857,3572.85714285714,41026.4285714286,18200.2857142857
2020-10-01,957.857142857143,601.857142857143,19055,64826.4285714286,4130.85714285714,42429.2857142857,109.571428571429,268.571428571429,7599.57142857143,89903.1428571429,3579.85714285714,41329.8571428571,17940.1428571429
2020-10-02,944.571428571429,623.428571428571,20222.4285714286,64453,4153,43236.1428571429,116.428571428571,262.285714285714,7639.42857142857,89322.2857142857,3549.42857142857,41435.5714285714,18222.5714285714
2020-10-03,895.857142857143,624.857142857143,21101.1428571429,64207.7142857143,4007.71428571429,44018.2857142857,131.571428571429,309.714285714286,7669.85714285714,88676.1428571429,3609.14285714286,41285.1428571429,18209.4285714286
2020-10-04,930.571428571429,612,21916,63891.7142857143,4248.71428571429,44040.7142857143,132.857142857143,247,7754.14285714286,87035.4285714286,3716.14285714286,43184.8571428571,18009.8571428571
2020-10-05,916.142857142857,609.142857142857,22292.1428571429,62880.1428571429,4158.42857142857,44137.1428571429,131.428571428571,246.714285714286,7894.57142857143,86082.5714285714,3888.28571428571,46029.4285714286,17749.4285714286
2020-10-06,889.571428571429,606.571428571429,23851.5714285714,61616.8571428571,4330.42857142857,44301.4285714286,173.571428571429,245.285714285714,7852.71428571429,84977.4285714286,3817.57142857143,48682.5714285714,17934.4285714286
2020-10-07,916.571428571429,603.285714285714,24946.4285714286,61219.7142857143,4325.85714285714,45281.4285714286,155.142857142857,239.857142857143,8015,83913.1428571429,3648,51376.2857142857,18751.4285714286
2020-10-08,866,591.857142857143,26521.7142857143,63054.4285714286,4528.57142857143,45443,154.428571428571,227.285714285714,8230.57142857143,83104.1428571429,3471.57142857143,54861.4285714286,18735.5714285714
2020-10-09,871.428571428571,588.571428571429,27641.4285714286,63235,4508.71428571429,46511.2857142857,156.142857142857,228,8320.71428571429,81978.8571428571,3807,58999.8571428571,18076
2020-10-10,956.428571428571,595,29553.2857142857,65934.4285714286,5074.85714285714,47740,178.714285714286,181.714285714286,8387.57142857143,81090,3787.42857142857,63659.8571428571,17465.7142857143
2020-10-11,922.285714285714,610.571428571429,31212.8571428571,65819,5057.28571428571,48996.7142857143,177,200.285714285714,8534.85714285714,81373.2857142857,3944.42857142857,67408.8571428571,16751
2020-10-12,918.428571428571,619.571428571429,32947.4285714286,66106.8571428571,5202.71428571429,49606.5714285714,181.285714285714,198.142857142857,8626,80242.1428571429,3866.28571428571,68300.5714285714,16278.4285714286
2020-10-13,953.428571428571,626.428571428571,33584,67100.1428571429,5207.57142857143,50919.2857142857,222.285714285714,201.714285714286,8815.85714285714,79658.5714285714,4213.28571428571,71137.4285714286,15974.7142857143
2020-10-14,936.714285714286,618,35336.1428571429,66374,5277.85714285714,51713.4285714286,227.428571428571,210.142857142857,8745.14285714286,78677,4353.85714285714,74171,15785.2857142857
2020-10-15,944.857142857143,635.428571428571,37038.1428571429,61167.1428571429,5021,53011.2857142857,262.428571428571,226.285714285714,8498.85714285714,77169.8571428571,4580.71428571429,78321.5714285714,15796.7142857143
2020-10-16,952.857142857143,648.571428571429,38939.7142857143,59974.8571428571,5123.57142857143,54061.5714285714,264.571428571429,233.285714285714,8457.57142857143,76106.5714285714,4319.42857142857,83550.5714285714,15935.7142857143
2020-10-17,968.285714285714,653.857142857143,40479.4285714286,56618.7142857143,5471.57142857143,55307,253,267.285714285714,8501.28571428571,74964.8571428571,4374.71428571429,87981.2857142857,16025.4285714286
2020-10-18,1007.42857142857,646.714285714286,42170.7142857143,56953.1428571429,5333.28571428571,56995.8571428571,255.571428571429,253.571428571429,8524.71428571429,72928.1428571429,4322.28571428571,91850.8571428571,16290
2020-10-19,1040.42857142857,647.714285714286,43765.5714285714,56792.4285714286,5685.42857142857,56939.5714285714,258.285714285714,266.428571428571,8385.57142857143,71501.8571428571,4360.14285714286,96972.2857142857,16747.8571428571
2020-10-20,1037.57142857143,646.857142857143,45258.1428571429,56430.7142857143,5698.85714285714,57110.2857142857,298,272,8290.85714285714,70286,4175.42857142857,101590.714285714,17034.4285714286
2020-10-21,1069.57142857143,645.857142857143,46985.2857142857,57892.8571428571,5804.71428571429,59257,306.142857142857,274.857142857143,8259.71428571429,68877.8571428571,4224.71428571429,107576.857142857,17062.4285714286
2020-10-22,1106.57142857143,652.142857142857,49317.7142857143,61122.1428571429,6044.42857142857,60979,336.428571428571,269.857142857143,8282.85714285714,67708.7142857143,4216.14285714286,114252,17273.5714285714
2020-10-23,1137,651.857142857143,51395.5714285714,61429,6357.85714285714,61610.7142857143,337.285714285714,283.857142857143,8291.28571428571,66605,4309,121029,17640.4285714286
2020-10-24,1146.57142857143,662.857142857143,53459.4285714286,61166,5915.14285714286,63002.5714285714,405.142857142857,260.428571428571,8180.42857142857,65711,4375,129870.857142857,18131.2857142857
2020-10-25,1150.42857142857,673.857142857143,55380.7142857143,61346.1428571429,6221.28571428571,64860.5714285714,397.571428571429,267.857142857143,8125.42857142857,64205.5714285714,4401,137421,18464.8571428571
2020-10-26,1141.28571428571,690.714285714286,56907.8571428571,62120.4285714286,5992.42857142857,69164.8571428571,398.428571428571,295.857142857143,8031.71428571429,63118.7142857143,4406.14285714286,145048.714285714,18668.7142857143
2020-10-27,1173.28571428571,703.142857142857,58319.4285714286,62387.8571428571,6048.28571428571,71494,378,306,7961.57142857143,61647.2857142857,4255.14285714286,152402,18821.7142857143
2020-10-28,1188.71428571429,732.571428571429,60582.5714285714,62505.2857142857,6139.14285714286,72200.7142857143,365.285714285714,317.285714285714,7958.14285714286,60268.2857142857,4273.42857142857,159901,19333.1428571429
2020-10-29,1210,757.428571428571,62252.1428571429,62637.2857142857,6037.42857142857,73959.4285714286,392.285714285714,358.428571428571,8043.28571428571,59094.7142857143,4315.57142857143,165413,19563.1428571429
2020-10-30,1245.42857142857,773.285714285714,64255.4285714286,62982.4285714286,6351.71428571429,76395.5714285714,387.571428571429,372.571428571429,7910.14285714286,58559.1428571429,4382.71428571429,171172.285714286,19601.1428571429
2020-10-31,1282.42857142857,792.142857142857,66520.2857142857,62963.7142857143,6351.14285714286,78806,285.571428571429,465.714285714286,7687.14285714286,57976.4285714286,4411.28571428571,176525.714285714,19585.4285714286
2020-11-01,1318.42857142857,809.428571428571,68688.8571428571,61258.7142857143,6185.85714285714,81320.1428571429,288,526.428571428571,7409.28571428571,57858.2857142857,4428.14285714286,178410.714285714,19613.4285714286
2020-11-02,1352.42857142857,825.428571428571,69867.2857142857,59698.5714285714,6312.42857142857,81039.8571428571,280.428571428571,526.428571428571,7262.71428571429,58143.2857142857,4350.28571428571,181676.714285714,19850.4285714286
2020-11-03,1362.71428571429,835.285714285714,71645.2857142857,59007.5714285714,6215.14285714286,82999.2857142857,373,565.285714285714,7186.28571428571,58979,4482.28571428571,184160.428571429,20477.1428571429
2020-11-04,1383.42857142857,835.142857142857,73420.8571428571,57555.4285714286,6362.57142857143,86081.7142857143,419.571428571429,589,7136.57142857143,60059.1428571429,4473.57142857143,183478,20583.7142857143
2020-11-05,1413,861.857142857143,76233.7142857143,54372.2857142857,6873.57142857143,88670,362,581,6884.14285714286,60617.1428571429,4554.14285714286,185350,20872.8571428571
2020-11-06,1407.57142857143,893.285714285714,78506.8571428571,52801,6542.57142857143,92346,432.714285714286,636.142857142857,7474,60696,4631.85714285714,187937.428571429,21273.7142857143
2020-11-07,1423.85714285714,940.285714285714,80464.2857142857,51663.7142857143,7072.71428571429,96404.7142857143,464.857142857143,626.714285714286,7245.57142857143,61017,4585.57142857143,190044.714285714,21973.5714285714
2020-11-08,1457.71428571429,1002.42857142857,81807.2857142857,46075.8571428571,7392.71428571429,101187.857142857,462.285714285714,615.714285714286,7508.57142857143,61222.8571428571,4500.14285714286,199351,22394.8571428571
2020-11-09,1493.85714285714,1056.42857142857,83705.5714285714,46070.8571428571,7658.85714285714,108117.285714286,478.428571428571,671.857142857143,7716.85714285714,61606.7142857143,4627.71428571429,197993.142857143,22678.7142857143
2020-11-10,1532.28571428571,1117.57142857143,84583.5714285714,45779.7142857143,8020,112474,409.285714285714,695,7649.85714285714,61910.4285714286,4656.57142857143,193435.142857143,22737.2857142857
2020-11-11,1521.42857142857,1201.14285714286,85077.8571428571,45364.7142857143,8289.85714285714,117905.285714286,417.428571428571,728.571428571429,7682,61856,4773.28571428571,192226.571428571,22986
2020-11-12,1517.85714285714,1293.42857142857,84675.2857142857,47253.2857142857,8296.28571428571,124391.428571429,420.857142857143,780.142857142857,7825.28571428571,61929.4285714286,4734.85714285714,190511.714285714,23107.5714285714
2020-11-13,1565.57142857143,1394,83981.1428571429,51557.7142857143,8696,129718,376.714285714286,793.571428571429,7120.14285714286,61877.1428571429,4721.57142857143,188820,23278.8571428571
2020-11-14,1572.85714285714,1488.42857142857,83296.7142857143,52965.7142857143,8541,140980.285714286,373.857142857143,827.285714285714,7777.28571428571,61552,4888,184060.857142857,23023.8571428571
2020-11-15,1549.28571428571,1571.71428571429,82938.4285714286,59110.1428571429,8482.14285714286,148053.428571429,374.571428571429,863.428571428571,7847.85714285714,61169.2857142857,5042.28571428571,175494,23191.5714285714
2020-11-16,1534.85714285714,1649.14285714286,82769.5714285714,61226.8571428571,8724.57142857143,152084.428571429,380.285714285714,842.571428571429,7976.57142857143,59551.1428571429,4998.71428571429,173376,23068
2020-11-17,1537.28571428571,1708,83424.8571428571,61576.8571428571,8470.14285714286,156786,319.714285714286,853.142857142857,8127.57142857143,58605.4285714286,4991.42857142857,171744.714285714,23163.1428571429
2020-11-18,1576,1775.42857142857,82616.4285714286,61907,8403.28571428571,161147.285714286,296,868,8200.14285714286,58047.1428571429,5168.57142857143,173882.857142857,23448.8571428571
2020-11-19,1578.28571428571,1890.71428571429,82130.5714285714,62515.7142857143,8490.28571428571,165444.714285714,280.857142857143,821.571428571429,8257.42857142857,57983.8571428571,5304.57142857143,172308.142857143,24142.4285714286
2020-11-20,1553,2019.57142857143,82741.8571428571,59339.7142857143,8230.85714285714,168744.285714286,285.857142857143,827.571428571429,8611.14285714286,58582.2857142857,5477,167435.142857143,24433.5714285714
2020-11-21,1550.85714285714,2153.71428571429,82790.4285714286,59202.7142857143,8129.42857142857,167256.285714286,272.857142857143,813.428571428571,8487.28571428571,59156.7142857143,5534.14285714286,164726.142857143,25057.7142857143
2020-11-22,1563.57142857143,2296.42857142857,82997.5714285714,60264.5714285714,8064.28571428571,168712.571428571,272.571428571429,804.428571428571,8503.57142857143,60094,5629.14285714286,160283.142857143,25510
2020-11-23,1552.28571428571,2419.85714285714,82397.7142857143,59166.5714285714,7874.14285714286,172844.285714286,260.571428571429,822,8466,62085.8571428571,5765.42857142857,156247.857142857,26523.2857142857
2020-11-24,1538.14285714286,2502.85714285714,81379.5714285714,60276.8571428571,7832.42857142857,174309.571428571,244.571428571429,815.428571428571,8731.14285714286,63517.4285714286,5823.71428571429,152863.285714286,27022.4285714286
2020-11-25,1533,2523.57142857143,83940.8571428571,61085,7727,175289.285714286,245.857142857143,805.714285714286,8945.71428571429,64727.5714285714,5749.85714285714,144645.571428571,27426.1428571429
2020-11-26,1533.42857142857,2528.14285714286,83688.2857142857,61506.5714285714,7543.71428571429,175527,243.857142857143,809.714285714286,9107.71428571429,64838.4285714286,5830.14285714286,140553.142857143,27579.8571428571
2020-11-27,1531.85714285714,2548.71428571429,83496,64602.8571428571,7501,177908.714285714,223,805.428571428571,9095.42857142857,64563.4285714286,5674.14285714286,136570.428571429,31410.5714285714
2020-11-28,1533.57142857143,2598.85714285714,83203,65844.1428571429,7498.28571428571,171911.285714286,227.285714285714,790,9248.14285714286,63979.1428571429,5872.57142857143,132371.714285714,35188.1428571429
2020-11-29,1541.14285714286,2623.28571428571,82357,66183.8571428571,7466.85714285714,169859.857142857,223.857142857143,778.857142857143,9155.42857142857,63493.2857142857,5875.57142857143,128782.857142857,38840.7142857143
2020-11-30,1552.85714285714,2640.85714285714,81656.5714285714,69511.2857142857,7355.28571428571,164206.285714286,219.571428571429,767.285714285714,9466.28571428571,62669.7142857143,5914.42857142857,125582.714285714,42024.5714285714
2020-12-01,1554.14285714286,2709,80811.5714285714,70688.7142857143,7454.71428571429,164957.857142857,211.285714285714,766.714285714286,9427.57142857143,61773.1428571429,5927.28571428571,123579,45817.2857142857
2020-12-02,1516.14285714286,2756.71428571429,76975.7142857143,71690.2857142857,7399.57142857143,164218.571428571,198.142857142857,754,9408.57142857143,60627,5875.57142857143,122754.428571429,49376
2020-12-03,1520.57142857143,2833.71428571429,76636.7142857143,74541.7142857143,7348.42857142857,166122.571428571,180.571428571429,682.571428571429,9446.71428571429,59291.1428571429,5969.28571428571,120791.571428571,52901.1428571429
2020-12-04,1524.42857142857,2871.57142857143,75729.8571428571,75034.1428571429,7411.42857142857,168437.857142857,189,663.428571428571,9880,58278.8571428571,6235.57142857143,119242.857142857,53407
2020-12-05,1516.28571428571,2864.71428571429,75057.7142857143,76878.2857142857,7269.14285714286,179626.142857143,191,622,9782.42857142857,57489.1428571429,6379,118162.857142857,53736.7142857143
2020-12-06,1474.85714285714,2877.28571428571,74793.7142857143,78602.4285714286,7196.42857142857,185025.428571429,191,618.142857142857,10037.5714285714,56627.2857142857,6691.85714285714,118247.285714286,54054
2020-12-07,1462.28571428571,2880,74484.8571428571,77844.8571428571,7103.57142857143,194058,188,596,9997.85714285714,55561.2857142857,7022.57142857143,119237.428571429,54069.2857142857
2020-12-08,1442.85714285714,2890.14285714286,73609,78067,6757.85714285714,197274.571428571,146.714285714286,590,10130.5714285714,54589.8571428571,7504.42857142857,119549.714285714,54141.5714285714
2020-12-09,1464.42857142857,2946.57142857143,74167,77279.2857142857,6623,202171.714285714,149.571428571429,597.857142857143,10116,53662,7753.42857142857,120174,54355.2857142857
2020-12-10,1451.14285714286,3006,74388.4285714286,77104.7142857143,6553.28571428571,207752.285714286,132.714285714286,593,10175.8571428571,52414.8571428571,8589.85714285714,119300.857142857,54264.5714285714
2020-12-11,1430,3098.14285714286,74288.2857142857,77042.5714285714,6280.57142857143,212765.142857143,122.428571428571,590,10055.7142857143,50916,9181,121158,53558
2020-12-12,1423.28571428571,3190.14285714286,74125.4285714286,77610.8571428571,6119.42857142857,210372,108.571428571429,615.285714285714,10290.5714285714,49214.2857142857,9668.14285714286,123026.571428571,53087.8571428571
2020-12-13,1402.42857142857,3323.28571428571,73051.1428571429,78632.8571428571,5952.42857142857,214739.428571429,108.571428571429,606.142857142857,10377.1428571429,47704.1428571429,10061.1428571429,125034,52230.1428571429
2020-12-14,1422.85714285714,3391.14285714286,72180,78870.5714285714,5754.71428571429,215653.571428571,107.428571428571,604.857142857143,10252.4285714286,46298.1428571429,11142,126848.714285714,51396.5714285714
2020-12-15,1410,3481.14285714286,73107.4285714286,78357.2857142857,5732,216608.428571429,122.857142857143,583.857142857143,10151.7142857143,44894,11148.1428571429,127745.428571429,50687.4285714286
2020-12-16,1398.28571428571,3576.14285714286,73563.2857142857,79599.7142857143,5733.14285714286,219334.142857143,108.285714285714,545.714285714286,10320.8571428571,43305.4285714286,11846.2857142857,129909,50339.4285714286
2020-12-17,1342.71428571429,3666.85714285714,72883,79451.1428571429,5607.57142857143,217256.285714286,113.428571428571,512.571428571429,10408,41709,11808.4285714286,134280.142857143,50035.2857142857
2020-12-18,1197.14285714286,3727.71428571429,72239.5714285714,82739,5579,217980.285714286,122.428571428571,505.142857142857,10438.4285714286,40117.1428571429,12264.1428571429,138328.428571429,49462.7142857143
2020-12-19,1038.42857142857,3761.57142857143,71601.4285714286,85746.1428571429,5531.71428571429,222053.857142857,113.428571428571,481.142857142857,10543,38968.2857142857,12460.4285714286,139761.714285714,48621
2020-12-20,1111.14285714286,3757.85714285714,70986.4285714286,86725.1428571429,5533.28571428571,244766.571428571,116,474.857142857143,10619.4285714286,38095.8571428571,13092.7142857143,140672.571428571,47490.5714285714
2020-12-21,1070.42857142857,3826.14285714286,70549.5714285714,88822,5593.71428571429,243042.142857143,119.285714285714,440.714285714286,10875,37428.1428571429,12692.1428571429,142176.428571429,46326.5714285714
2020-12-22,1033.85714285714,3816,70367.5714285714,89469.5714285714,5637.42857142857,245478.428571429,126.428571428571,418.857142857143,11240.8571428571,36624,13385.2857142857,145167.571428571,44627.5714285714
2020-12-23,1036.85714285714,3855.42857142857,70343.2857142857,89942,5615.28571428571,242326,122.428571428571,398.571428571429,11366.7142857143,35863.1428571429,13650,147079,42442.2857142857
2020-12-24,1045.71428571429,3851.42857142857,71337.2857142857,92537.7142857143,5574.57142857143,241400.428571429,116.714285714286,385,11474.7142857143,35748.1428571429,14352.8571428571,147182.142857143,40489.1428571429
