"publish_date","France","Germany","Italy","Spain","United Kingdom"
2020-01-03,NA,NA,NA,NA,NA
2020-01-04,NA,NA,NA,NA,NA
2020-01-05,NA,NA,NA,NA,NA
2020-01-06,NA,NA,NA,NA,NA
2020-01-07,NA,NA,NA,NA,NA
2020-01-08,NA,NA,NA,NA,NA
2020-01-09,0,0,0,0,0
2020-01-10,0,0,0,0,0
2020-01-11,0,0,0,0,0
2020-01-12,0,0,0,0,0
2020-01-13,0,0,0,0,0
2020-01-14,0,0,0,0,0
2020-01-15,0,0,0,0,0
2020-01-16,0,0,0,0,0
2020-01-17,0,0,0,0,0
2020-01-18,0,0,0,0,0
2020-01-19,0,0,0,0,0
2020-01-20,0,0,0,0,0
2020-01-21,0,0,0,0,0
2020-01-22,0,0,0,0,0
2020-01-23,0,0,0,0,0
2020-01-24,0.428571428571429,0,0,0,0
2020-01-25,0.428571428571429,0,0,0,0
2020-01-26,0.428571428571429,0,0,0,0
2020-01-27,0.428571428571429,0,0,0,0
2020-01-28,0.428571428571429,0.142857142857143,0,0,0
2020-01-29,0.571428571428571,0.571428571428571,0.285714285714286,0,0
2020-01-30,0.714285714285714,0.571428571428571,0.285714285714286,0,0
2020-01-31,0.428571428571429,0.714285714285714,0.428571428571429,0,0
2020-02-01,0.428571428571429,1,0.428571428571429,0,0.285714285714286
2020-02-02,0.428571428571429,1.14285714285714,0.428571428571429,0.571428571428571,0.285714285714286
2020-02-03,0.428571428571429,1.28571428571429,0.428571428571429,0.571428571428571,0.285714285714286
2020-02-04,0.428571428571429,1.42857142857143,0.428571428571429,0.571428571428571,0.285714285714286
2020-02-05,0.285714285714286,1,0.142857142857143,0.571428571428571,0.428571428571429
2020-02-06,0.142857142857143,1,0.142857142857143,0.571428571428571,0.428571428571429
2020-02-07,0,1,0,0.571428571428571,0.571428571428571
2020-02-08,0.714285714285714,0.857142857142857,0,0.571428571428571,0.285714285714286
2020-02-09,0.714285714285714,0.714285714285714,0,0,0.285714285714286
2020-02-10,0.714285714285714,0.571428571428571,0,0,0.857142857142857
2020-02-11,0.714285714285714,0.285714285714286,0,0.142857142857143,1
2020-02-12,0.714285714285714,0.571428571428571,0,0.142857142857143,0.857142857142857
2020-02-13,0.714285714285714,0.571428571428571,0,0.142857142857143,1
2020-02-14,0.714285714285714,0.428571428571429,0,0.571428571428571,0.857142857142857
2020-02-15,0,0.285714285714286,0,0.571428571428571,0.857142857142857
2020-02-16,0,0.285714285714286,0,0.571428571428571,0.857142857142857
2020-02-17,0.142857142857143,0.285714285714286,0,0.571428571428571,0.285714285714286
2020-02-18,0.142857142857143,0.285714285714286,0,0.428571428571429,0.142857142857143
2020-02-19,0.142857142857143,0,0,0.428571428571429,0.142857142857143
2020-02-20,0.142857142857143,0,0,0.428571428571429,0
2020-02-21,0.142857142857143,0,0,0,0
2020-02-22,0.142857142857143,0,2,0,0
2020-02-23,0.142857142857143,0,10.8571428571429,0.285714285714286,0.142857142857143
2020-02-24,0,0,18.4285714285714,0.428571428571429,0.142857142857143
2020-02-25,0,0,32.2857142857143,0.714285714285714,0.142857142857143
2020-02-26,0.285714285714286,0.285714285714286,45.5714285714286,1,0.428571428571429
2020-02-27,0.714285714285714,0.857142857142857,56.7142857142857,1.14285714285714,1.14285714285714
2020-02-28,3.71428571428571,4.57142857142857,92.4285714285714,2.14285714285714,1.71428571428571
2020-02-29,6.42857142857143,6,124.428571428571,5.42857142857143,2.85714285714286
2020-03-01,12.5714285714286,13.7142857142857,149.857142857143,8.57142857142857,4.42857142857143
2020-03-02,15.8571428571429,16.2857142857143,222.428571428571,11.1428571428571,5.14285714285714
2020-03-03,22.7142857142857,20.2857142857143,258.142857142857,16.2857142857143,8.28571428571429
2020-03-04,27.2857142857143,25.5714285714286,311.428571428571,26.1428571428571,13.7142857142857
2020-03-05,37.2857142857143,34.4285714285714,384.142857142857,38.1428571428571,20.8571428571429
2020-03-06,54,50.4285714285714,458.285714285714,51.4285714285714,28.2857142857143
2020-03-07,76.8571428571429,89.5714285714286,535.428571428571,75.2857142857143,34.4285714285714
2020-03-08,85.4285714285714,105.142857142857,679.285714285714,111.142857142857,44.2857142857143
2020-03-09,140.714285714286,110.428571428571,812.285714285714,149.857142857143,52.1428571428571
2020-03-10,174.714285714286,140.285714285714,1019.42857142857,197.142857142857,57.1428571428571
2020-03-11,222.857142857143,157.142857142857,1092.42857142857,279.857142857143,72.5714285714286
2020-03-12,283.428571428571,186.428571428571,1339,415.714285714286,101.714285714286
2020-03-13,347.428571428571,281.285714285714,1607.85714285714,593.714285714286,151.714285714286
2020-03-14,431,339.714285714286,1860.57142857143,825.285714285714,213.571428571429
2020-03-15,534,421.142857142857,2182,1097.14285714286,270.285714285714
2020-03-16,607.285714285714,562.285714285714,2372.14285714286,1346,313.285714285714
2020-03-17,737.571428571429,696.142857142857,2686.85714285714,1623.42857142857,368.285714285714
2020-03-18,836.285714285714,837.142857142857,3051,1996.57142857143,434.428571428571
2020-03-19,963.142857142857,947.285714285714,3321.57142857143,2488.85714285714,507.285714285714
2020-03-20,1143.14285714286,1681.28571428571,3703.14285714286,2980.14285714286,592.571428571429
2020-03-21,1261.85714285714,2160.71428571429,4194.42857142857,3561.28571428571,674.142857142857
2020-03-22,1408,2524,4631.57142857143,4182.57142857143,785.142857142857
2020-03-23,1495,2848,5022.57142857143,4720,904.714285714286
2020-03-24,1863.28571428571,3314.28571428571,5135.28571428571,5150.14285714286,1038.42857142857
2020-03-25,2058,3485.42857142857,5381.42857142857,5856.42857142857,1285.14285714286
2020-03-26,2273.71428571429,4044.28571428571,5524.71428571429,6605.28571428571,1514.57142857143
2020-03-27,2562.28571428571,4021.42857142857,5643.42857142857,7370.42857142857,1755.85714285714
2020-03-28,2869.85714285714,4342.14285714286,5639.57142857143,7975.57142857143,2046.14285714286
2020-03-29,3264.71428571429,4440.57142857143,5556.28571428571,8476.71428571429,2323.57142857143
2020-03-30,3401.71428571429,4646.28571428571,5507.28571428571,8662.57142857143,2555.57142857143
2020-03-31,3483.28571428571,4671.57142857143,5401.71428571429,8629.42857142857,2767
2020-04-01,4210.14285714286,5116,5230.85714285714,8601.14285714286,3043.42857142857
2020-04-02,4478,5287.71428571429,5169.71428571429,8344.42857142857,3349
2020-04-03,4220.14285714286,5344,4957.57142857143,7903.85714285714,3666.28571428571
2020-04-04,4428.85714285714,5313.71428571429,4761.28571428571,7445.57142857143,3920.71428571429
2020-04-05,4373.14285714286,5595.28571428571,4594.28571428571,6986.71428571429,4165.57142857143
2020-04-06,4281.57142857143,5441.85714285714,4465.57142857143,6640.14285714286,4336.71428571429
2020-04-07,4215.28571428571,5330.28571428571,4401.14285714286,6362.42857142857,4441.57142857143
2020-04-08,3675.57142857143,5123.14285714286,4256.28571428571,5989.28571428571,4585.71428571429
2020-04-09,3546.85714285714,4954.28571428571,4121.14285714286,5617.14285714286,4719.42857142857
2020-04-10,3860.42857142857,4832.71428571429,4054.85714285714,5392.71428571429,4750.57142857143
2020-04-11,3735.42857142857,4554.28571428571,3964.28571428571,5064.42857142857,4749.14285714286
2020-04-12,3575.85714285714,4109.28571428571,3948.42857142857,4723.71428571429,4663.71428571429
2020-04-13,3539.28571428571,3946.42857142857,3916.42857142857,4495.85714285714,4600.71428571429
2020-04-14,3365.85714285714,3696.14285714286,3852.71428571429,4386.42857142857,4586
2020-04-15,3615.57142857143,3479.42857142857,3843.14285714286,4062.14285714286,4428.28571428571
2020-04-16,3437.28571428571,3178.28571428571,3676.14285714286,3872.42857142857,4267.71428571429
2020-04-17,3204,2900.71428571429,3616.42857142857,3617.71428571429,4258.28571428571
2020-04-18,2639.85714285714,2825.85714285714,3551,3447.28571428571,4320.28571428571
2020-04-19,2561.85714285714,2774,3379.14285714286,3308,4412.14285714286
2020-04-20,2440.14285714286,2665.14285714286,3229.85714285714,3180.57142857143,4575.28571428571
2020-04-21,2351.71428571429,2622.71428571429,3101.71428571429,3047,4627.28571428571
2020-04-22,1945.28571428571,2587.14285714286,3067,2960.42857142857,4723.85714285714
2020-04-23,1829.42857142857,2513.71428571429,3167.42857142857,2780.28571428571,4785.85714285714
2020-04-24,1686.71428571429,2364.71428571429,3004.57142857143,2647.28571428571,4846.14285714286
2020-04-25,1882.28571428571,2142.71428571429,2937.14285714286,2476.71428571429,4827
2020-04-26,1736.42857142857,2039.71428571429,2775.14285714286,2308.57142857143,4829
2020-04-27,1688.85714285714,1931.57142857143,2671.85714285714,2182.14285714286,4690
2020-04-28,1561,1840,2598,2092.71428571429,4635.71428571429
2020-04-29,1330.57142857143,1706.71428571429,2506.85714285714,1969,4614.57142857143
2020-04-30,1300.71428571429,1581.85714285714,2323.42857142857,1827.42857142857,4610.14285714286
2020-05-01,1219.42857142857,1482.14285714286,2212.85714285714,1643.14285714286,4603.71428571429
2020-05-02,1054.71428571429,1323.57142857143,2062,1531.42857142857,4576.28571428571
2020-05-03,940.285714285714,1188.71428571429,1996.71428571429,1318.57142857143,4543
2020-05-04,925.285714285714,1140.28571428571,1863.14285714286,1214.42857142857,4468.85714285714
2020-05-05,828.857142857143,1074.71428571429,1789.14285714286,1161.85714285714,4398.71428571429
2020-05-06,840,1023.71428571429,1644,1070.14285714286,4210.57142857143
2020-05-07,1200.28571428571,996,1552.28571428571,961.857142857143,4061
2020-05-08,1122.71428571429,934.571428571429,1485,890.428571428571,3830.28571428571
2020-05-09,1122.28571428571,978.285714285714,1393.85714285714,822.285714285714,3659
2020-05-10,1078.57142857143,960.285714285714,1277.14285714286,840.428571428571,3419.85714285714
2020-05-11,1044.57142857143,914.285714285714,1193.28571428571,829.857142857143,3266.71428571429
2020-05-12,1035.57142857143,949.714285714286,1125.14285714286,810.857142857143,3173.42857142857
2020-05-13,978.571428571429,928.428571428571,1171.85714285714,748,3201.57142857143
2020-05-14,448.714285714286,878.285714285714,1092.42857142857,704.857142857143,3161.57142857143
2020-05-15,453.142857142857,836,1034,674.428571428571,3087.28571428571
2020-05-16,441.142857142857,745.857142857143,957.142857142857,648.571428571429,2924.57142857143
2020-05-17,428.571428571429,733.857142857143,927.428571428571,630.571428571429,2847.85714285714
2020-05-18,423.142857142857,731.714285714286,909.285714285714,609.285714285714,2836.71428571429
2020-05-19,429.428571428571,671.714285714286,867.428571428571,598.285714285714,2766.57142857143
2020-05-20,394.857142857143,671.571428571429,783.285714285714,602.857142857143,2624.14285714286
2020-05-21,386.142857142857,644.714285714286,751.428571428571,623.857142857143,2574.14285714286
2020-05-22,348.285714285714,580,701.428571428571,617.571428571429,2490
2020-05-23,326.142857142857,582.571428571429,681.857142857143,618.428571428571,2482.28571428571
2020-05-24,309.285714285714,560.857142857143,652.428571428571,617.714285714286,2416
2020-05-25,309.714285714286,553.285714285714,631.857142857143,612.714285714286,2337.14285714286
2020-05-26,284.142857142857,541.714285714286,610.285714285714,615.571428571429,2269.42857142857
2020-05-27,249.285714285714,479.571428571429,550.857142857143,605.428571428571,2131.57142857143
2020-05-28,224.428571428571,423.571428571429,539.285714285714,591.857142857143,1934.42857142857
2020-05-29,647.428571428571,463.714285714286,532.285714285714,575.142857142857,1808.28571428571
2020-05-30,672.571428571429,478,512.857142857143,555.714285714286,1692
2020-05-31,894.714285714286,457.285714285714,476.714285714286,544.428571428571,1615.57142857143
2020-06-01,902.857142857143,463.571428571429,451.571428571429,547,1558.14285714286
2020-06-02,898.428571428571,432.285714285714,434.142857142857,535.285714285714,1517.42857142857
2020-06-03,757.857142857143,429.428571428571,422.857142857143,508.285714285714,1491.28571428571
2020-06-04,768.571428571429,435.285714285714,385.285714285714,469.857142857143,1464.42857142857
2020-06-05,402.714285714286,401.857142857143,325.857142857143,467,1396
2020-06-06,410.142857142857,354.571428571429,326.142857142857,444.142857142857,1322.14285714286
2020-06-07,226.571428571429,356.714285714286,305.285714285714,434.714285714286,1264
2020-06-08,263,339.714285714286,282.714285714286,424.428571428571,1217.71428571429
2020-06-09,234,359.285714285714,297.285714285714,419,1166.57142857143
2020-06-10,391.285714285714,355.857142857143,292.285714285714,418.142857142857,1117.71428571429
2020-06-11,414.571428571429,378.857142857143,275.285714285714,414,1071.14285714286
2020-06-12,366,343.285714285714,304.142857142857,394.142857142857,1048.71428571429
2020-06-13,362.714285714286,334.857142857143,253.428571428571,377.571428571429,1016.42857142857
2020-06-14,348.285714285714,327.142857142857,264.285714285714,354.857142857143,1006.71428571429
2020-06-15,343.142857142857,324,284.428571428571,336.571428571429,1019.42857142857
2020-06-16,343.714285714286,328,287.428571428571,328.857142857143,1033.85714285714
2020-06-17,341.714285714286,331.857142857143,277,321.428571428571,1025.85714285714
2020-06-18,313,335.428571428571,295,312.857142857143,1017.85714285714
2020-06-19,293.428571428571,408.571428571429,288.142857142857,297.714285714286,991.285714285714
2020-06-20,296.571428571429,444.714285714286,243.714285714286,295.285714285714,992.714285714286
2020-06-21,302.428571428571,507.571428571429,232,274.857142857143,983.285714285714
2020-06-22,299.142857142857,556.857142857143,215.714285714286,289,954.285714285714
2020-06-23,296.142857142857,574.714285714286,204.285714285714,300.571428571429,928.142857142857
2020-06-24,302.285714285714,609.285714285714,190.428571428571,294.857142857143,907.142857142857
2020-06-25,283,616.428571428571,226,301.857142857143,876.285714285714
2020-06-26,254.285714285714,574.571428571429,221,300.857142857143,842.714285714286
2020-06-27,287.571428571429,586.857142857143,278.571428571429,300.428571428571,799
2020-06-28,225.571428571429,525.285714285714,265.857142857143,319.142857142857,754
2020-06-29,185,486,258.714285714286,323,748.571428571429
2020-06-30,294,485.285714285714,245.142857142857,325.714285714286,721
2020-07-01,276.857142857143,468,249.285714285714,330,697.285714285714
2020-07-02,352.714285714286,449.857142857143,192.857142857143,332.428571428571,658.857142857143
2020-07-03,421.285714285714,445.428571428571,179.285714285714,348.714285714286,640.714285714286
2020-07-04,384.571428571429,407.571428571429,174.714285714286,367.142857142857,623.714285714286
2020-07-05,384.571428571429,405.142857142857,183.285714285714,383.571428571429,610.571428571429
2020-07-06,384.571428571429,399,185.857142857143,390.714285714286,575.142857142857
2020-07-07,374,383.571428571429,197.571428571429,393.285714285714,590.714285714286
2020-07-08,405.571428571429,373.714285714286,196.857142857143,402.571428571429,587
2020-07-09,353.285714285714,365,198.428571428571,440.285714285714,584.142857142857
2020-07-10,356.714285714286,357.714285714286,200.285714285714,481.714285714286,590.142857142857
2020-07-11,346.714285714286,351.428571428571,207.857142857143,532.428571428571,606.285714285714
2020-07-12,346.714285714286,352.714285714286,201.142857142857,611,604.285714285714
2020-07-13,346.714285714286,344.142857142857,207.142857142857,657.142857142857,610.142857142857
2020-07-14,403.142857142857,347.285714285714,201.571428571429,682.714285714286,582.428571428571
2020-07-15,336.714285714286,340.714285714286,198.285714285714,754.285714285714,585.571428571429
2020-07-16,412.428571428571,353.857142857143,193.857142857143,831.857142857143,598.142857142857
2020-07-17,396.142857142857,380.714285714286,196.142857142857,948.142857142857,609.428571428571
2020-07-18,424.571428571429,402.285714285714,189.714285714286,1060.42857142857,607.857142857143
2020-07-19,424.571428571429,395.714285714286,198.428571428571,1195,608.428571428571
2020-07-20,424.571428571429,408.571428571429,196.142857142857,1324.14285714286,615.714285714286
2020-07-21,536.714285714286,424.285714285714,199.142857142857,1440.42857142857,623.142857142857
2020-07-22,588.714285714286,439,201.142857142857,1545,632.714285714286
2020-07-23,617.428571428571,444,218,1701.85714285714,642.142857142857
2020-07-24,676.428571428571,477.142857142857,228.857142857143,1817.57142857143,642.285714285714
2020-07-25,710.714285714286,513.142857142857,231.857142857143,1924.42857142857,646.142857142857
2020-07-26,710.714285714286,527.857142857143,235.428571428571,2030.42857142857,660.142857142857
2020-07-27,710.714285714286,540.857142857143,240.571428571429,2056.42857142857,649.857142857143
2020-07-28,761.285714285714,556.714285714286,237.428571428571,2094.42857142857,643.857142857143
2020-07-29,805.285714285714,589.571428571429,248,2157.42857142857,540.571428571429
2020-07-30,845.857142857143,637.142857142857,249.142857142857,2234.85714285714,542.285714285714
2020-07-31,908.142857142857,645,260,2343,552.714285714286
2020-08-01,956.857142857143,669.857142857143,278.142857142857,2488.71428571429,574
2020-08-02,956.857142857143,660.571428571429,281.142857142857,2624.57142857143,588.857142857143
2020-08-03,956.857142857143,684.714285714286,278.857142857143,2835.71428571429,634.857142857143
2020-08-04,1085.14285714286,719.857142857143,277.571428571429,2897.85714285714,714.428571428571
2020-08-05,1134.14285714286,728,275.857142857143,2990.28571428571,800.142857142857
2020-08-06,1177.57142857143,748.428571428571,289.571428571429,3210,818.428571428571
2020-08-07,1217.71428571429,788,292.285714285714,3376.42857142857,833.285714285714
2020-08-08,1347.57142857143,811.857142857143,317,3590.71428571429,832
2020-08-09,1347.57142857143,856.857142857143,324.428571428571,3858.71428571429,830.142857142857
2020-08-10,1347.57142857143,846.428571428571,356.571428571429,3908,875.714285714286
2020-08-11,1557.14285714286,858.857142857143,370.857142857143,4015.28571428571,859.714285714286
2020-08-12,1596.85714285714,928.142857142857,402.571428571429,4184.14285714286,928
2020-08-13,1720.28571428571,985.285714285714,415.714285714286,4405.57142857143,944.857142857143
2020-08-14,1869.57142857143,1028.42857142857,433,4707.57142857143,970.428571428571
2020-08-15,1931.85714285714,1070.28571428571,436.142857142857,5014.85714285714,1051.71428571429
2020-08-16,2395,1080.28571428571,476.428571428571,5404.71428571429,1097.28571428571
2020-08-17,2816,1098.14285714286,478.428571428571,5592.57142857143,1094.14285714286
2020-08-18,2207,1158.71428571429,487.142857142857,5689.85714285714,1079.42857142857
2020-08-19,2326.14285714286,1199.28571428571,485.571428571429,5856.85714285714,1071
2020-08-20,2504.42857142857,1236.71428571429,509.285714285714,6212.85714285714,1042.85714285714
2020-08-21,2807.71428571429,1233.57142857143,554.714285714286,6534.28571428571,1050.42857142857
2020-08-22,3061.85714285714,1322,608,6811.14285714286,992.285714285714
2020-08-23,3043,1344.42857142857,671.142857142857,7111.14285714286,1022.42857142857
2020-08-24,3308.42857142857,1365.85714285714,775.714285714286,7291.57142857143,1022.57142857143
2020-08-25,3520.71428571429,1349.85714285714,866.142857142857,7431.71428571429,1059.57142857143
2020-08-26,3677.85714285714,1359.28571428571,934,7571.85714285714,1073.14285714286
2020-08-27,3885.57142857143,1330.71428571429,1037.42857142857,7836.85714285714,1106.85714285714
2020-08-28,4054.14285714286,1351.28571428571,1118.71428571429,8074.85714285714,1155.42857142857
2020-08-29,4458.14285714286,1272,1192,8267.57142857143,1190.14285714286
2020-08-30,4775,1272.42857142857,1245.28571428571,8480.42857142857,1164.42857142857
2020-08-31,4818.71428571429,1258,1267.57142857143,8590.14285714286,1260.71428571429
2020-09-01,4983.85714285714,1249.42857142857,1273.71428571429,8717,1322.71428571429
2020-09-02,5203.57142857143,1203.71428571429,1287.85714285714,8810.85714285714,1338.57142857143
2020-09-03,5446.28571428571,1175.71428571429,1282.14285714286,8824.57142857143,1404.28571428571
2020-09-04,5567.57142857143,1158.85714285714,1280.42857142857,8881.28571428571,1434.71428571429
2020-09-05,5801.28571428571,1144.42857142857,1319.28571428571,8969.42857142857,1529.57142857143
2020-09-06,6238.14285714286,1173.42857142857,1355,9138.57142857143,1630.28571428571
2020-09-07,6502.42857142857,1202.57142857143,1345.14285714286,9287.42857142857,1812.14285714286
2020-09-08,6662,1242.71428571429,1367.14285714286,9331.57142857143,2032.42857142857
2020-09-09,6769.71428571429,1231.28571428571,1423.42857142857,9383.57142857143,2198.85714285714
2020-09-10,6978.85714285714,1314.28571428571,1438.28571428571,9601.85714285714,2363.28571428571
2020-09-11,7409.14285714286,1318.71428571429,1466.85714285714,9896,2532.42857142857
2020-09-12,7460,1354.71428571429,1450.28571428571,10186.1428571429,2760.85714285714
2020-09-13,7752.57142857143,1349,1422.71428571429,10366.4285714286,3001.42857142857
2020-09-14,7671,1365.14285714286,1445.57142857143,10422.7142857143,3050.28571428571
2020-09-15,7913.28571428571,1352,1425.28571428571,10556.8571428571,3003.57142857143
2020-09-16,8227.71428571429,1455.57142857143,1405.28571428571,10722.2857142857,3095.42857142857
2020-09-17,8348.28571428571,1498.71428571429,1408.42857142857,10991.2857142857,3285.71428571429
2020-09-18,8471.71428571429,1560.42857142857,1406.42857142857,11173.5714285714,3353.71428571429
2020-09-19,9006.42857142857,1655.71428571429,1448,11293.2857142857,3465.57142857143
2020-09-20,9439.42857142857,1712.42857142857,1467.42857142857,11632.1428571429,3597.71428571429
2020-09-21,10179.2857142857,1711.71428571429,1486.14285714286,11640,3679
2020-09-22,9928.71428571429,1770.85714285714,1535,11556.5714285714,3928.57142857143
2020-09-23,10100.2857142857,1752,1558.14285714286,11534.4285714286,4189
2020-09-24,10617.4285714286,1744.71428571429,1585,11394.5714285714,4501.42857142857
2020-09-25,11396.1428571429,1778.57142857143,1614,11210,4964.14285714286
2020-09-26,11769.4285714286,1808.57142857143,1614.71428571429,11047.2857142857,5328.57142857143
2020-09-27,11829.5714285714,1817.85714285714,1647.85714285714,10589.8571428571,5559.85714285714
2020-09-28,11765.8571428571,1856.42857142857,1673.42857142857,10501.4285714286,5816
2020-09-29,11739.5714285714,1894.71428571429,1694,10390.2857142857,5769.71428571429
2020-09-30,11571.8571428571,1898.85714285714,1730.57142857143,10258.2857142857,6086.42857142857
2020-10-01,11447.7142857143,1950.28571428571,1760.57142857143,10044.7142857143,6219.28571428571
2020-10-02,11149.8571428571,2024.57142857143,1869.42857142857,9830.28571428571,6259.28571428571
2020-10-03,10574.2857142857,2032.57142857143,1953.28571428571,9593.57142857143,6272.85714285714
2020-10-04,11006.4285714286,2156.71428571429,2092.42857142857,9418.85714285714,7248.57142857143
2020-10-05,11209.5714285714,2183.85714285714,2208.42857142857,9298,9715.57142857143
2020-10-06,11347.8571428571,2262.42857142857,2317.42857142857,9305,10936.8571428571
2020-10-07,11733.7142857143,2409.57142857143,2464.57142857143,9557.71428571429,11993.8571428571
2020-10-08,12597,2631.71428571429,2725.57142857143,9688.42857142857,13001.5714285714
2020-10-09,13189.1428571429,2895,2998.42857142857,9855.42857142857,14519.5714285714
2020-10-10,14414.4285714286,3203.28571428571,3408.85714285714,10265.7142857143,15504.7142857143
2020-10-11,15817,3375.28571428571,3820.42857142857,10618.2857142857,15832.4285714286
2020-10-12,16317.2857142857,3530.28571428571,4231.57142857143,10882.4285714286,14391.1428571429
2020-10-13,16810.7142857143,3742.14285714286,4569,11120.5714285714,14588.1428571429
2020-10-14,17172.5714285714,4071.28571428571,5029.14285714286,10756.1428571429,14972.4285714286
2020-10-15,17711.7142857143,4439.85714285714,5551.28571428571,10774.4285714286,15767
2020-10-16,19488.7142857143,4842.42857142857,6172,11342.1428571429,15972.4285714286
2020-10-17,20177,5286.57142857143,6834.42857142857,11863.7142857143,16225.4285714286
2020-10-18,20960.4285714286,5587.14285714286,7577.42857142857,12359.8571428571,16369.1428571429
2020-10-19,22929.8571428571,5852.57142857143,8470.14285714286,12822.1428571429,16956.1428571429
2020-10-20,23597.5714285714,6244.85714285714,9144.14285714286,13036,17646.2857142857
2020-10-21,24657.2857142857,6596.71428571429,9854.57142857143,14381,18231.7142857143
2020-10-22,25320.4285714286,7260.85714285714,10978.4285714286,15593.1428571429,19226.4285714286
2020-10-23,26819.2857142857,7819.14285714286,12017.7142857143,16577.7142857143,19549.2857142857
2020-10-24,29231.7142857143,8802.57142857143,13322.5714285714,17485.2857142857,20248.7142857143
2020-10-25,31113.8571428571,9601,14567.5714285714,18451.4285714286,21226
2020-10-26,34259,10223.8571428571,15934.4285714286,18957,21627.2857142857
2020-10-27,36192.7142857143,10872.5714285714,17030.1428571429,19384.1428571429,21925.4285714286
2020-10-28,38050.7142857143,11925.2857142857,18618.4285714286,19994.5714285714,22147.5714285714
2020-10-29,39339.1428571429,12709.1428571429,20016.8571428571,20497.2857142857,21863.7142857143
2020-10-30,40279.2857142857,13771.8571428571,21552.7142857143,20682.8571428571,22124.7142857143
2020-10-31,41246.2857142857,14392.5714285714,23257.8571428571,20738.2857142857,22678.1428571429
2020-11-01,39409.4285714286,14821.2857142857,24988.7142857143,20734.1428571429,22521.4285714286
2020-11-02,39043.8571428571,15308.7142857143,26221.8571428571,20828.1428571429,23016.2857142857
2020-11-03,42725.8571428571,15872,26971.2857142857,20783.1428571429,22739.1428571429
2020-11-04,43115.2857142857,16193.4285714286,27864.4285714286,20135.5714285714,22329.5714285714
2020-11-05,43749.5714285714,16652.8571428571,28658.7142857143,19786.2857142857,22397.7142857143
2020-11-06,45235.2857142857,17056.4285714286,29754.8571428571,19715.8571428571,22551
2020-11-07,46897.8571428571,17676.4285714286,30715.2857142857,19614.5714285714,22391.2857142857
2020-11-08,54649.8571428571,17939.2857142857,31865.7142857143,19390.2857142857,22825.8571428571
2020-11-09,53125.4285714286,18120.1428571429,32252.7142857143,19164.2857142857,22442.7142857143
2020-11-10,48452.8571428571,18117.2857142857,32683.5714285714,19001.4285714286,22785.5714285714
2020-11-11,46457.8571428571,18299.1428571429,33662,19143.7142857143,22841.8571428571
2020-11-12,45790.2857142857,18567.1428571429,34006.7142857143,18940.2857142857,22523.7142857143
2020-11-13,42212.5714285714,18858,34503.1428571429,18346.4285714286,23856.8571428571
2020-11-14,36959.8571428571,18724,34946,17711.2857142857,24430.2857142857
2020-11-15,29140.5714285714,18856.8571428571,34580.2857142857,16982.8571428571,24702.1428571429
2020-11-16,27498.2857142857,18494.1428571429,34775,16408.4285714286,25329.2857142857
2020-11-17,26001.5714285714,18363.7142857143,35072.5714285714,15960,25331.1428571429
2020-11-18,29338.1428571429,18231.4285714286,34658.4285714286,15426.2857142857,25279.5714285714
2020-11-19,28268,18337.5714285714,34846.8571428571,14755.2857142857,24802.2857142857
2020-11-20,26576.2857142857,18352.7142857143,34589.5714285714,14009.7142857143,23294.4285714286
2020-11-21,26459,18424.5714285714,34066.2857142857,13158.1428571429,22287.4285714286
2020-11-22,24429.7142857143,18252.2857142857,33711.2857142857,12330.4285714286,21289.5714285714
2020-11-23,22434.5714285714,18258,32905.5714285714,11850,20389.5714285714
2020-11-24,21728.2857142857,18134.4285714286,32273.4285714286,11551.8571428571,19544.8571428571
2020-11-25,16533,18287.5714285714,30992.8571428571,11027.7142857143,18294.5714285714
2020-11-26,14807,18238.8571428571,29788.8571428571,10319,18095.1428571429
2020-11-27,13722.8571428571,18118.5714285714,28763.8571428571,9637.42857142857,17329.4285714286
2020-11-28,12261.8571428571,17937.2857142857,27492.8571428571,9133.85714285714,16541.8571428571
2020-11-29,11494,17775.8571428571,26285.8571428571,8757.57142857143,15969.8571428571
2020-11-30,10995.8571428571,17819.4285714286,25187.1428571429,8515.14285714286,15040.2857142857
2020-12-01,10955.4285714286,17826.5714285714,24251.2857142857,8341.57142857143,14594.5714285714
2020-12-02,10779.8571428571,17631.8571428571,23697,8105.42857142857,14898.8571428571
2020-12-03,10548,17600.1428571429,22962.2857142857,7907.85714285714,14607
2020-12-04,10422.2857142857,17691.8571428571,22136.2857142857,7746.57142857143,14224.5714285714
2020-12-05,10249.4285714286,17923.7142857143,21531.7142857143,7527.71428571429,14447.2857142857
2020-12-06,10288.4285714286,18374.5714285714,20779.8571428571,7301.71428571429,14399.8571428571
2020-12-07,10481.5714285714,18540.7142857143,20528.5714285714,7220.71428571429,15130.7142857143
2020-12-08,10372.4285714286,18605.1428571429,20143.2857142857,7198.14285714286,15471.8571428571
2020-12-09,11191.2857142857,19111.5714285714,19499,6882.71428571429,15307.8571428571
2020-12-10,11265.4285714286,19344.8571428571,18362.7142857143,6100.42857142857,15366.1428571429
2020-12-11,11364.5714285714,20263,17474,6034.28571428571,16235.5714285714
2020-12-12,11660.4285714286,20994.4285714286,16704.8571428571,6402.14285714286,17003.2857142857
2020-12-13,11824.7142857143,21342,16540.5714285714,6819.85714285714,17855
2020-12-14,11897.7142857143,21917.7142857143,16404.8571428571,7048,18023
2020-12-15,11831.2857142857,21971.5714285714,16168.5714285714,7190.85714285714,18815.1428571429
2020-12-16,11513.4285714286,22959.1428571429,16168.8571428571,7849.57142857143,19696.4285714286
2020-12-17,11956.8571428571,23422.5714285714,16856.4285714286,9004.85714285714,20922.5714285714
2020-12-18,12606.8571428571,23980,17032.8571428571,9481.28571428571,22982.4285714286
2020-12-19,12916,24388.8571428571,16557.8571428571,9506.42857142857,23958.8571428571
2020-12-20,13405.1428571429,24756.1428571429,16044,9636.85714285714,24751.8571428571
2020-12-21,13585.8571428571,24796.2857142857,15639,9685,27249.1428571429
2020-12-22,14014.1428571429,25524.2857142857,15473.8571428571,9698.85714285714,29120.7142857143
2020-12-23,14048,25097.4285714286,15256.2857142857,9859.14285714286,31742.5714285714
2020-12-24,13658.7142857143,25850.5714285714,14733.4285714286,10033.2857142857,33753.4285714286
2020-12-25,14171.7142857143,24672.8571428571,14705.7142857143,10413.7142857143,34275.2857142857
2020-12-26,14851.4285714286,22266.4285714286,15225.1428571429,10273.1428571429,34877.8571428571
2020-12-27,12733,20978.4285714286,14382.2857142857,9222.28571428571,35969.4285714286
2020-12-28,12158.7142857143,20168.8571428571,13501.5714285714,9137.14285714286,35456.8571428571
2020-12-29,11776.4285714286,19220.8571428571,13174.7142857143,9367.57142857143,36602.7142857143
2020-12-30,11693.8571428571,18895,12873.8571428571,9952.14285714286,38935.8571428571
2020-12-31,13332.7142857143,18946,13201.5714285714,10721.7142857143,40476.7142857143
2021-01-01,13097.8571428571,18573.2857142857,13978.4285714286,11664.4285714286,42884.7142857143
2021-01-02,12941.1428571429,18321.1428571429,14431.7142857143,12449.7142857143,45821.8571428571
2021-01-03,13079.5714285714,17829.7142857143,14634.5714285714,12836.5714285714,49112
2021-01-04,13609.7142857143,17668.4285714286,15392.8571428571,13400.5714285714,52347.7142857143
2021-01-05,13708.2857142857,17526.2857142857,15709.5714285714,13930.4285714286,54833.2857142857
2021-01-06,15021.5714285714,17351.7142857143,16304.5714285714,14891.4285714286,55944.8571428571
2021-01-07,14861.7142857143,16471.5714285714,16893.7142857143,16537.8571428571,57701.8571428571
2021-01-08,15098.5714285714,17746.5714285714,16170.7142857143,15602.8571428571,57234.1428571429
2021-01-09,15142.4285714286,19461.4285714286,15502,17184.5714285714,59343.8571428571
2021-01-10,17509.2857142857,20408.7142857143,16666.4285714286,20750.1428571429,59660
2021-01-11,17983.5714285714,20787.2857142857,17292.1428571429,22020.2857142857,59652.8571428571
2021-01-12,17912.8571428571,20916.5714285714,17539.5714285714,22609,57850.7142857143
2021-01-13,17815.4285714286,20682.7142857143,17377.7142857143,24071.2857142857,55653.1428571429
2021-01-14,17595.4285714286,20507.4285714286,16727.2857142857,25057.8571428571,53539.2857142857
2021-01-15,17486,19153,16559.7142857143,28515.8571428571,52977
2021-01-16,17729.4285714286,18293.5714285714,16361.8571428571,30161.8571428571,51221
2021-01-17,17897,17855.8571428571,15838.1428571429,31626.7142857143,48564.5714285714
2021-01-18,18016,17090.7142857143,14969.4285714286,32437.1428571429,46230
2021-01-19,18001.2857142857,16886,14440.1428571429,33111.1428571429,44996.5714285714
2021-01-20,18536.1428571429,16368,13905,33598.1428571429,43256.8571428571
2021-01-21,18952.7142857143,15687.1428571429,13590,34293.4285714286,42025.4285714286
2021-01-22,19210.8571428571,15043.4285714286,13134.5714285714,34737.4285714286,40484
2021-01-23,19434.4285714286,14720.4285714286,12775.8571428571,35110.4285714286,38269.7142857143
2021-01-24,19755.4285714286,14488.2857142857,12350.2857142857,35004.5714285714,37156.8571428571
2021-01-25,20011.7142857143,14429.4285714286,12219.4285714286,34851.1428571429,35929.1428571429
2021-01-26,20148.7142857143,13721.2857142857,12181.4285714286,34662.7142857143,33737.7142857143
2021-01-27,19957.5714285714,13325.2857142857,12194,34242.4285714286,31842.4285714286
2021-01-28,19945.8571428571,12918.2857142857,12425.8571428571,33568,29900
2021-01-29,20059.5714285714,12369.7142857143,12469.4285714286,32692.8571428571,28584
2021-01-30,20072.2857142857,11784.5714285714,12459.4285714286,31615,26986.5714285714
2021-01-31,20156,11632.4285714286,12371.1428571429,30199.7142857143,25518.4285714286
2021-02-01,20270.1428571429,11472.2857142857,12317,29397.1428571429,24244.7142857143
2021-02-02,20221.2857142857,11429.7142857143,12226.4285714286,28590.4285714286,23732.1428571429
2021-02-03,20344.4285714286,10930.1428571429,12093.1428571429,27146.1428571429,23268.1428571429
2021-02-04,20303,10453.2857142857,11806.1428571429,25497.2857142857,22395.8571428571
2021-02-05,20233.2857142857,10294.1428571429,11705.5714285714,23787.8571428571,21246.4285714286
2021-02-06,19966.4285714286,10031.8571428571,11798.4285714286,22057.7142857143,19822.8571428571
2021-02-07,19450.5714285714,9663.85714285714,11902.1428571429,20325.1428571429,19106.7142857143
2021-02-08,19519.1428571429,9510.57142857143,11958,19209.7142857143,18357.7142857143
2021-02-09,19504.4285714286,9119.85714285714,11964.2857142857,18419.1428571429,17714.4285714286
2021-02-10,18890,8886.57142857143,12101.5714285714,17175.8571428571,17075
2021-02-11,18666.8571428571,8318.85714285714,12068,15671.2857142857,16190.8571428571
2021-02-12,18316.4285714286,7883.42857142857,12279.5714285714,14182,15170.8571428571
2021-02-13,18228,7579,12233.8571428571,12858,14603.7142857143
2021-02-14,18194.8571428571,7221.57142857143,12245.8571428571,11639.2857142857,13895.8571428571
2021-02-15,17720.2857142857,7206,12163,10967.8571428571,13199.7142857143
2021-02-16,17816.7142857143,7274.14285714286,12073.7142857143,10604.5714285714,12579.8571428571
2021-02-17,17962.4285714286,7200.42857142857,12038.8571428571,9886.42857142857,12331.4285714286
2021-02-18,17808.2857142857,7196.14285714286,11913,9091.28571428571,12289.1428571429
2021-02-19,18106,7089.42857142857,11715.5714285714,8405,12083.8571428571
2021-02-20,18519,7205.14285714286,11940.8571428571,7879.57142857143,11638.5714285714
2021-02-21,18768.5714285714,7428.28571428571,12139.5714285714,7352.57142857143,11224.1428571429
2021-02-22,19576.1428571429,7420.14285714286,12481,7108.57142857143,11061.5714285714
2021-02-23,19516.4285714286,7424,12805.7142857143,6980.71428571429,11186.7142857143
2021-02-24,19533.8571428571,7488.42857142857,13224.4285714286,6698.71428571429,10881.5714285714
2021-02-25,20550,7725.85714285714,13843.8571428571,6347.85714285714,10484.5714285714
2021-02-26,20934.2857142857,7852.14285714286,14717.5714285714,6050.42857142857,10188.5714285714
2021-02-27,21140.8571428571,7937.57142857143,15434.4285714286,5771.14285714286,9688
2021-02-28,21434,7968.14285714286,16004.1428571429,5573.42857142857,9263.42857142857
2021-03-01,21123.5714285714,8020,16574.1428571429,5462.42857142857,8720.71428571429
2021-03-02,21143.7142857143,8028.57142857143,17072.5714285714,5403.42857142857,7979.85714285714
2021-03-03,21491.7142857143,8173.14285714286,17610.2857142857,5200,7680.14285714286
2021-03-04,20937.8571428571,8179.28571428571,18244.2857142857,5007.42857142857,7172.57142857143
2021-03-05,20874.8571428571,8262.57142857143,18669.1428571429,4966,6685.14285714286
2021-03-06,20613.1428571429,8233.28571428571,19172.2857142857,4944.57142857143,6317
2021-03-07,20506.1428571429,8263.71428571429,19848.1428571429,4933.28571428571,6117.71428571429
2021-03-08,20760,8303.57142857143,20317.2857142857,4925.28571428571,5995.14285714286
2021-03-09,20940.7142857143,8347.71428571429,20428.1428571429,4932.28571428571,5889
2021-03-10,21009,8365.85714285714,20808.4285714286,4876.42857142857,5799.71428571429
2021-03-11,21483.8571428571,8715,21013.4285714286,4773.14285714286,5734.14285714286
2021-03-12,21830.5714285714,9037,21414,4322.28571428571,5759.85714285714
2021-03-13,22164.2857142857,9482.28571428571,21811.1428571429,3483,5854.57142857143
